</home/anonymous/eqlog-steensgaard-analysis-benchmark/benchmarks/postgresql-9.5.2/initdb.bc>:setup_pgdata:3	0	</home/anonymous/eqlog-steensgaard-analysis-benchmark/benchmarks/postgresql-9.5.2/initdb.bc>:setup_pgdata:%0
</home/anonymous/eqlog-steensgaard-analysis-benchmark/benchmarks/postgresql-9.5.2/initdb.bc>:setup_pgdata:6	0	</home/anonymous/eqlog-steensgaard-analysis-benchmark/benchmarks/postgresql-9.5.2/initdb.bc>:setup_pgdata:6:1:getelementptr inbounds ([7 x i8], [7 x i8]* @.str, i32 0, i32 0)
</home/anonymous/eqlog-steensgaard-analysis-benchmark/benchmarks/postgresql-9.5.2/initdb.bc>:setup_pgdata:12	0	</home/anonymous/eqlog-steensgaard-analysis-benchmark/benchmarks/postgresql-9.5.2/initdb.bc>:setup_pgdata:%2
</home/anonymous/eqlog-steensgaard-analysis-benchmark/benchmarks/postgresql-9.5.2/initdb.bc>:setup_pgdata:16	0	</home/anonymous/eqlog-steensgaard-analysis-benchmark/benchmarks/postgresql-9.5.2/initdb.bc>:setup_pgdata:%3
</home/anonymous/eqlog-steensgaard-analysis-benchmark/benchmarks/postgresql-9.5.2/initdb.bc>:setup_pgdata:21	0	</home/anonymous/eqlog-steensgaard-analysis-benchmark/benchmarks/postgresql-9.5.2/initdb.bc>:setup_pgdata:%4
</home/anonymous/eqlog-steensgaard-analysis-benchmark/benchmarks/postgresql-9.5.2/initdb.bc>:setup_pgdata:21	1	</home/anonymous/eqlog-steensgaard-analysis-benchmark/benchmarks/postgresql-9.5.2/initdb.bc>:setup_pgdata:21:1:getelementptr inbounds ([200 x i8], [200 x i8]* @.str.1, i32 0, i32 0)
</home/anonymous/eqlog-steensgaard-analysis-benchmark/benchmarks/postgresql-9.5.2/initdb.bc>:setup_pgdata:21	2	</home/anonymous/eqlog-steensgaard-analysis-benchmark/benchmarks/postgresql-9.5.2/initdb.bc>:setup_pgdata:%5
</home/anonymous/eqlog-steensgaard-analysis-benchmark/benchmarks/postgresql-9.5.2/initdb.bc>:setup_pgdata:22	0	</home/anonymous/eqlog-steensgaard-analysis-benchmark/benchmarks/postgresql-9.5.2/initdb.bc>:setup_pgdata:22:1:1
</home/anonymous/eqlog-steensgaard-analysis-benchmark/benchmarks/postgresql-9.5.2/initdb.bc>:setup_pgdata:26	0	</home/anonymous/eqlog-steensgaard-analysis-benchmark/benchmarks/postgresql-9.5.2/initdb.bc>:setup_pgdata:%6
</home/anonymous/eqlog-steensgaard-analysis-benchmark/benchmarks/postgresql-9.5.2/initdb.bc>:setup_pgdata:29	0	</home/anonymous/eqlog-steensgaard-analysis-benchmark/benchmarks/postgresql-9.5.2/initdb.bc>:setup_pgdata:%7
</home/anonymous/eqlog-steensgaard-analysis-benchmark/benchmarks/postgresql-9.5.2/initdb.bc>:setup_pgdata:31	0	</home/anonymous/eqlog-steensgaard-analysis-benchmark/benchmarks/postgresql-9.5.2/initdb.bc>:setup_pgdata:31:1:getelementptr inbounds ([10 x i8], [10 x i8]* @.str.2, i32 0, i32 0)
</home/anonymous/eqlog-steensgaard-analysis-benchmark/benchmarks/postgresql-9.5.2/initdb.bc>:setup_pgdata:31	1	</home/anonymous/eqlog-steensgaard-analysis-benchmark/benchmarks/postgresql-9.5.2/initdb.bc>:setup_pgdata:%8
</home/anonymous/eqlog-steensgaard-analysis-benchmark/benchmarks/postgresql-9.5.2/initdb.bc>:setup_pgdata:34	0	</home/anonymous/eqlog-steensgaard-analysis-benchmark/benchmarks/postgresql-9.5.2/initdb.bc>:setup_pgdata:%9
</home/anonymous/eqlog-steensgaard-analysis-benchmark/benchmarks/postgresql-9.5.2/initdb.bc>:setup_bin_paths:5	0	</home/anonymous/eqlog-steensgaard-analysis-benchmark/benchmarks/postgresql-9.5.2/initdb.bc>:setup_bin_paths:%0
</home/anonymous/eqlog-steensgaard-analysis-benchmark/benchmarks/postgresql-9.5.2/initdb.bc>:setup_bin_paths:5	1	</home/anonymous/eqlog-steensgaard-analysis-benchmark/benchmarks/postgresql-9.5.2/initdb.bc>:setup_bin_paths:5:1:getelementptr inbounds ([9 x i8], [9 x i8]* @.str.3, i32 0, i32 0)
</home/anonymous/eqlog-steensgaard-analysis-benchmark/benchmarks/postgresql-9.5.2/initdb.bc>:setup_bin_paths:5	2	</home/anonymous/eqlog-steensgaard-analysis-benchmark/benchmarks/postgresql-9.5.2/initdb.bc>:setup_bin_paths:5:5:getelementptr inbounds ([29 x i8], [29 x i8]* @.str.4, i32 0, i32 0)
</home/anonymous/eqlog-steensgaard-analysis-benchmark/benchmarks/postgresql-9.5.2/initdb.bc>:setup_bin_paths:5	3	</home/anonymous/eqlog-steensgaard-analysis-benchmark/benchmarks/postgresql-9.5.2/initdb.bc>:setup_bin_paths:5:9:getelementptr inbounds ([1024 x i8], [1024 x i8]* @backend_exec, i32 0, i32 0)
</home/anonymous/eqlog-steensgaard-analysis-benchmark/benchmarks/postgresql-9.5.2/initdb.bc>:setup_bin_paths:11	0	</home/anonymous/eqlog-steensgaard-analysis-benchmark/benchmarks/postgresql-9.5.2/initdb.bc>:setup_bin_paths:%1
</home/anonymous/eqlog-steensgaard-analysis-benchmark/benchmarks/postgresql-9.5.2/initdb.bc>:setup_bin_paths:11	1	</home/anonymous/eqlog-steensgaard-analysis-benchmark/benchmarks/postgresql-9.5.2/initdb.bc>:setup_bin_paths:%arraydecay
</home/anonymous/eqlog-steensgaard-analysis-benchmark/benchmarks/postgresql-9.5.2/initdb.bc>:setup_bin_paths:16	0	</home/anonymous/eqlog-steensgaard-analysis-benchmark/benchmarks/postgresql-9.5.2/initdb.bc>:setup_bin_paths:%arraydecay4
</home/anonymous/eqlog-steensgaard-analysis-benchmark/benchmarks/postgresql-9.5.2/initdb.bc>:setup_bin_paths:16	1	</home/anonymous/eqlog-steensgaard-analysis-benchmark/benchmarks/postgresql-9.5.2/initdb.bc>:setup_bin_paths:%2
</home/anonymous/eqlog-steensgaard-analysis-benchmark/benchmarks/postgresql-9.5.2/initdb.bc>:setup_bin_paths:16	2	</home/anonymous/eqlog-steensgaard-analysis-benchmark/benchmarks/postgresql-9.5.2/initdb.bc>:setup_bin_paths:16:1:1024
</home/anonymous/eqlog-steensgaard-analysis-benchmark/benchmarks/postgresql-9.5.2/initdb.bc>:setup_bin_paths:24	0	</home/anonymous/eqlog-steensgaard-analysis-benchmark/benchmarks/postgresql-9.5.2/initdb.bc>:setup_bin_paths:%4
</home/anonymous/eqlog-steensgaard-analysis-benchmark/benchmarks/postgresql-9.5.2/initdb.bc>:setup_bin_paths:24	1	</home/anonymous/eqlog-steensgaard-analysis-benchmark/benchmarks/postgresql-9.5.2/initdb.bc>:setup_bin_paths:24:1:getelementptr inbounds ([114 x i8], [114 x i8]* @.str.5, i32 0, i32 0)
</home/anonymous/eqlog-steensgaard-analysis-benchmark/benchmarks/postgresql-9.5.2/initdb.bc>:setup_bin_paths:24	2	</home/anonymous/eqlog-steensgaard-analysis-benchmark/benchmarks/postgresql-9.5.2/initdb.bc>:setup_bin_paths:%5
</home/anonymous/eqlog-steensgaard-analysis-benchmark/benchmarks/postgresql-9.5.2/initdb.bc>:setup_bin_paths:24	3	</home/anonymous/eqlog-steensgaard-analysis-benchmark/benchmarks/postgresql-9.5.2/initdb.bc>:setup_bin_paths:%arraydecay8
</home/anonymous/eqlog-steensgaard-analysis-benchmark/benchmarks/postgresql-9.5.2/initdb.bc>:setup_bin_paths:29	0	</home/anonymous/eqlog-steensgaard-analysis-benchmark/benchmarks/postgresql-9.5.2/initdb.bc>:setup_bin_paths:%6
</home/anonymous/eqlog-steensgaard-analysis-benchmark/benchmarks/postgresql-9.5.2/initdb.bc>:setup_bin_paths:29	1	</home/anonymous/eqlog-steensgaard-analysis-benchmark/benchmarks/postgresql-9.5.2/initdb.bc>:setup_bin_paths:29:1:getelementptr inbounds ([103 x i8], [103 x i8]* @.str.6, i32 0, i32 0)
</home/anonymous/eqlog-steensgaard-analysis-benchmark/benchmarks/postgresql-9.5.2/initdb.bc>:setup_bin_paths:29	2	</home/anonymous/eqlog-steensgaard-analysis-benchmark/benchmarks/postgresql-9.5.2/initdb.bc>:setup_bin_paths:%arraydecay10
</home/anonymous/eqlog-steensgaard-analysis-benchmark/benchmarks/postgresql-9.5.2/initdb.bc>:setup_bin_paths:29	3	</home/anonymous/eqlog-steensgaard-analysis-benchmark/benchmarks/postgresql-9.5.2/initdb.bc>:setup_bin_paths:%7
</home/anonymous/eqlog-steensgaard-analysis-benchmark/benchmarks/postgresql-9.5.2/initdb.bc>:setup_bin_paths:31	0	</home/anonymous/eqlog-steensgaard-analysis-benchmark/benchmarks/postgresql-9.5.2/initdb.bc>:setup_bin_paths:31:1:1
</home/anonymous/eqlog-steensgaard-analysis-benchmark/benchmarks/postgresql-9.5.2/initdb.bc>:setup_bin_paths:33	0	</home/anonymous/eqlog-steensgaard-analysis-benchmark/benchmarks/postgresql-9.5.2/initdb.bc>:setup_bin_paths:33:1:getelementptr inbounds ([1024 x i8], [1024 x i8]* @bin_path, i32 0, i32 0)
</home/anonymous/eqlog-steensgaard-analysis-benchmark/benchmarks/postgresql-9.5.2/initdb.bc>:setup_bin_paths:33	1	</home/anonymous/eqlog-steensgaard-analysis-benchmark/benchmarks/postgresql-9.5.2/initdb.bc>:setup_bin_paths:33:5:getelementptr inbounds ([1024 x i8], [1024 x i8]* @backend_exec, i32 0, i32 0)
</home/anonymous/eqlog-steensgaard-analysis-benchmark/benchmarks/postgresql-9.5.2/initdb.bc>:setup_bin_paths:34	0	</home/anonymous/eqlog-steensgaard-analysis-benchmark/benchmarks/postgresql-9.5.2/initdb.bc>:setup_bin_paths:34:1:getelementptr inbounds ([1024 x i8], [1024 x i8]* @bin_path, i32 0, i32 0)
</home/anonymous/eqlog-steensgaard-analysis-benchmark/benchmarks/postgresql-9.5.2/initdb.bc>:setup_bin_paths:36	0	</home/anonymous/eqlog-steensgaard-analysis-benchmark/benchmarks/postgresql-9.5.2/initdb.bc>:setup_bin_paths:36:1:getelementptr inbounds ([1024 x i8], [1024 x i8]* @bin_path, i32 0, i32 0)
</home/anonymous/eqlog-steensgaard-analysis-benchmark/benchmarks/postgresql-9.5.2/initdb.bc>:setup_bin_paths:40	0	</home/anonymous/eqlog-steensgaard-analysis-benchmark/benchmarks/postgresql-9.5.2/initdb.bc>:setup_bin_paths:40:1:1024
</home/anonymous/eqlog-steensgaard-analysis-benchmark/benchmarks/postgresql-9.5.2/initdb.bc>:setup_bin_paths:43	0	</home/anonymous/eqlog-steensgaard-analysis-benchmark/benchmarks/postgresql-9.5.2/initdb.bc>:setup_bin_paths:43:1:getelementptr inbounds ([1024 x i8], [1024 x i8]* @backend_exec, i32 0, i32 0)
</home/anonymous/eqlog-steensgaard-analysis-benchmark/benchmarks/postgresql-9.5.2/initdb.bc>:setup_bin_paths:43	1	</home/anonymous/eqlog-steensgaard-analysis-benchmark/benchmarks/postgresql-9.5.2/initdb.bc>:setup_bin_paths:%9
</home/anonymous/eqlog-steensgaard-analysis-benchmark/benchmarks/postgresql-9.5.2/initdb.bc>:setup_bin_paths:53	0	</home/anonymous/eqlog-steensgaard-analysis-benchmark/benchmarks/postgresql-9.5.2/initdb.bc>:setup_bin_paths:%12
</home/anonymous/eqlog-steensgaard-analysis-benchmark/benchmarks/postgresql-9.5.2/initdb.bc>:setup_bin_paths:53	1	</home/anonymous/eqlog-steensgaard-analysis-benchmark/benchmarks/postgresql-9.5.2/initdb.bc>:setup_bin_paths:53:1:getelementptr inbounds ([50 x i8], [50 x i8]* @.str.7, i32 0, i32 0)
</home/anonymous/eqlog-steensgaard-analysis-benchmark/benchmarks/postgresql-9.5.2/initdb.bc>:setup_bin_paths:53	2	</home/anonymous/eqlog-steensgaard-analysis-benchmark/benchmarks/postgresql-9.5.2/initdb.bc>:setup_bin_paths:%13
</home/anonymous/eqlog-steensgaard-analysis-benchmark/benchmarks/postgresql-9.5.2/initdb.bc>:setup_bin_paths:54	0	</home/anonymous/eqlog-steensgaard-analysis-benchmark/benchmarks/postgresql-9.5.2/initdb.bc>:setup_bin_paths:54:1:1
</home/anonymous/eqlog-steensgaard-analysis-benchmark/benchmarks/postgresql-9.5.2/initdb.bc>:setup_bin_paths:58	0	</home/anonymous/eqlog-steensgaard-analysis-benchmark/benchmarks/postgresql-9.5.2/initdb.bc>:setup_bin_paths:%14
</home/anonymous/eqlog-steensgaard-analysis-benchmark/benchmarks/postgresql-9.5.2/initdb.bc>:setup_locale_encoding:5	0	</home/anonymous/eqlog-steensgaard-analysis-benchmark/benchmarks/postgresql-9.5.2/initdb.bc>:setup_locale_encoding:%0
</home/anonymous/eqlog-steensgaard-analysis-benchmark/benchmarks/postgresql-9.5.2/initdb.bc>:setup_locale_encoding:5	1	</home/anonymous/eqlog-steensgaard-analysis-benchmark/benchmarks/postgresql-9.5.2/initdb.bc>:setup_locale_encoding:%1
</home/anonymous/eqlog-steensgaard-analysis-benchmark/benchmarks/postgresql-9.5.2/initdb.bc>:setup_locale_encoding:10	0	</home/anonymous/eqlog-steensgaard-analysis-benchmark/benchmarks/postgresql-9.5.2/initdb.bc>:setup_locale_encoding:%2
</home/anonymous/eqlog-steensgaard-analysis-benchmark/benchmarks/postgresql-9.5.2/initdb.bc>:setup_locale_encoding:10	1	</home/anonymous/eqlog-steensgaard-analysis-benchmark/benchmarks/postgresql-9.5.2/initdb.bc>:setup_locale_encoding:%3
</home/anonymous/eqlog-steensgaard-analysis-benchmark/benchmarks/postgresql-9.5.2/initdb.bc>:setup_locale_encoding:15	0	</home/anonymous/eqlog-steensgaard-analysis-benchmark/benchmarks/postgresql-9.5.2/initdb.bc>:setup_locale_encoding:%4
</home/anonymous/eqlog-steensgaard-analysis-benchmark/benchmarks/postgresql-9.5.2/initdb.bc>:setup_locale_encoding:15	1	</home/anonymous/eqlog-steensgaard-analysis-benchmark/benchmarks/postgresql-9.5.2/initdb.bc>:setup_locale_encoding:%5
</home/anonymous/eqlog-steensgaard-analysis-benchmark/benchmarks/postgresql-9.5.2/initdb.bc>:setup_locale_encoding:20	0	</home/anonymous/eqlog-steensgaard-analysis-benchmark/benchmarks/postgresql-9.5.2/initdb.bc>:setup_locale_encoding:%6
</home/anonymous/eqlog-steensgaard-analysis-benchmark/benchmarks/postgresql-9.5.2/initdb.bc>:setup_locale_encoding:20	1	</home/anonymous/eqlog-steensgaard-analysis-benchmark/benchmarks/postgresql-9.5.2/initdb.bc>:setup_locale_encoding:%7
</home/anonymous/eqlog-steensgaard-analysis-benchmark/benchmarks/postgresql-9.5.2/initdb.bc>:setup_locale_encoding:25	0	</home/anonymous/eqlog-steensgaard-analysis-benchmark/benchmarks/postgresql-9.5.2/initdb.bc>:setup_locale_encoding:%8
</home/anonymous/eqlog-steensgaard-analysis-benchmark/benchmarks/postgresql-9.5.2/initdb.bc>:setup_locale_encoding:25	1	</home/anonymous/eqlog-steensgaard-analysis-benchmark/benchmarks/postgresql-9.5.2/initdb.bc>:setup_locale_encoding:%9
</home/anonymous/eqlog-steensgaard-analysis-benchmark/benchmarks/postgresql-9.5.2/initdb.bc>:setup_locale_encoding:29	0	</home/anonymous/eqlog-steensgaard-analysis-benchmark/benchmarks/postgresql-9.5.2/initdb.bc>:setup_locale_encoding:29:1:getelementptr inbounds ([60 x i8], [60 x i8]* @.str.8, i32 0, i32 0)
</home/anonymous/eqlog-steensgaard-analysis-benchmark/benchmarks/postgresql-9.5.2/initdb.bc>:setup_locale_encoding:29	1	</home/anonymous/eqlog-steensgaard-analysis-benchmark/benchmarks/postgresql-9.5.2/initdb.bc>:setup_locale_encoding:%10
</home/anonymous/eqlog-steensgaard-analysis-benchmark/benchmarks/postgresql-9.5.2/initdb.bc>:setup_locale_encoding:37	0	</home/anonymous/eqlog-steensgaard-analysis-benchmark/benchmarks/postgresql-9.5.2/initdb.bc>:setup_locale_encoding:37:1:getelementptr inbounds ([145 x i8], [145 x i8]* @.str.9, i32 0, i32 0)
</home/anonymous/eqlog-steensgaard-analysis-benchmark/benchmarks/postgresql-9.5.2/initdb.bc>:setup_locale_encoding:37	1	</home/anonymous/eqlog-steensgaard-analysis-benchmark/benchmarks/postgresql-9.5.2/initdb.bc>:setup_locale_encoding:%11
</home/anonymous/eqlog-steensgaard-analysis-benchmark/benchmarks/postgresql-9.5.2/initdb.bc>:setup_locale_encoding:37	2	</home/anonymous/eqlog-steensgaard-analysis-benchmark/benchmarks/postgresql-9.5.2/initdb.bc>:setup_locale_encoding:%12
</home/anonymous/eqlog-steensgaard-analysis-benchmark/benchmarks/postgresql-9.5.2/initdb.bc>:setup_locale_encoding:37	3	</home/anonymous/eqlog-steensgaard-analysis-benchmark/benchmarks/postgresql-9.5.2/initdb.bc>:setup_locale_encoding:%13
</home/anonymous/eqlog-steensgaard-analysis-benchmark/benchmarks/postgresql-9.5.2/initdb.bc>:setup_locale_encoding:37	4	</home/anonymous/eqlog-steensgaard-analysis-benchmark/benchmarks/postgresql-9.5.2/initdb.bc>:setup_locale_encoding:%14
</home/anonymous/eqlog-steensgaard-analysis-benchmark/benchmarks/postgresql-9.5.2/initdb.bc>:setup_locale_encoding:37	5	</home/anonymous/eqlog-steensgaard-analysis-benchmark/benchmarks/postgresql-9.5.2/initdb.bc>:setup_locale_encoding:%15
</home/anonymous/eqlog-steensgaard-analysis-benchmark/benchmarks/postgresql-9.5.2/initdb.bc>:setup_locale_encoding:37	6	</home/anonymous/eqlog-steensgaard-analysis-benchmark/benchmarks/postgresql-9.5.2/initdb.bc>:setup_locale_encoding:%16
</home/anonymous/eqlog-steensgaard-analysis-benchmark/benchmarks/postgresql-9.5.2/initdb.bc>:setup_locale_encoding:40	0	</home/anonymous/eqlog-steensgaard-analysis-benchmark/benchmarks/postgresql-9.5.2/initdb.bc>:setup_locale_encoding:%17
</home/anonymous/eqlog-steensgaard-analysis-benchmark/benchmarks/postgresql-9.5.2/initdb.bc>:setup_locale_encoding:44	0	</home/anonymous/eqlog-steensgaard-analysis-benchmark/benchmarks/postgresql-9.5.2/initdb.bc>:setup_locale_encoding:%18
</home/anonymous/eqlog-steensgaard-analysis-benchmark/benchmarks/postgresql-9.5.2/initdb.bc>:setup_locale_encoding:44	1	</home/anonymous/eqlog-steensgaard-analysis-benchmark/benchmarks/postgresql-9.5.2/initdb.bc>:setup_locale_encoding:44:1:1
</home/anonymous/eqlog-steensgaard-analysis-benchmark/benchmarks/postgresql-9.5.2/initdb.bc>:setup_locale_encoding:52	0	</home/anonymous/eqlog-steensgaard-analysis-benchmark/benchmarks/postgresql-9.5.2/initdb.bc>:setup_locale_encoding:%20
</home/anonymous/eqlog-steensgaard-analysis-benchmark/benchmarks/postgresql-9.5.2/initdb.bc>:setup_locale_encoding:52	1	</home/anonymous/eqlog-steensgaard-analysis-benchmark/benchmarks/postgresql-9.5.2/initdb.bc>:setup_locale_encoding:52:1:getelementptr inbounds ([54 x i8], [54 x i8]* @.str.10, i32 0, i32 0)
</home/anonymous/eqlog-steensgaard-analysis-benchmark/benchmarks/postgresql-9.5.2/initdb.bc>:setup_locale_encoding:52	2	</home/anonymous/eqlog-steensgaard-analysis-benchmark/benchmarks/postgresql-9.5.2/initdb.bc>:setup_locale_encoding:%21
</home/anonymous/eqlog-steensgaard-analysis-benchmark/benchmarks/postgresql-9.5.2/initdb.bc>:setup_locale_encoding:52	3	</home/anonymous/eqlog-steensgaard-analysis-benchmark/benchmarks/postgresql-9.5.2/initdb.bc>:setup_locale_encoding:%22
</home/anonymous/eqlog-steensgaard-analysis-benchmark/benchmarks/postgresql-9.5.2/initdb.bc>:setup_locale_encoding:55	0	</home/anonymous/eqlog-steensgaard-analysis-benchmark/benchmarks/postgresql-9.5.2/initdb.bc>:setup_locale_encoding:%23
</home/anonymous/eqlog-steensgaard-analysis-benchmark/benchmarks/postgresql-9.5.2/initdb.bc>:setup_locale_encoding:55	1	</home/anonymous/eqlog-steensgaard-analysis-benchmark/benchmarks/postgresql-9.5.2/initdb.bc>:setup_locale_encoding:55:1:getelementptr inbounds ([30 x i8], [30 x i8]* @.str.11, i32 0, i32 0)
</home/anonymous/eqlog-steensgaard-analysis-benchmark/benchmarks/postgresql-9.5.2/initdb.bc>:setup_locale_encoding:55	2	</home/anonymous/eqlog-steensgaard-analysis-benchmark/benchmarks/postgresql-9.5.2/initdb.bc>:setup_locale_encoding:%24
</home/anonymous/eqlog-steensgaard-analysis-benchmark/benchmarks/postgresql-9.5.2/initdb.bc>:setup_locale_encoding:58	0	</home/anonymous/eqlog-steensgaard-analysis-benchmark/benchmarks/postgresql-9.5.2/initdb.bc>:setup_locale_encoding:%25
</home/anonymous/eqlog-steensgaard-analysis-benchmark/benchmarks/postgresql-9.5.2/initdb.bc>:setup_locale_encoding:58	1	</home/anonymous/eqlog-steensgaard-analysis-benchmark/benchmarks/postgresql-9.5.2/initdb.bc>:setup_locale_encoding:58:1:getelementptr inbounds ([39 x i8], [39 x i8]* @.str.12, i32 0, i32 0)
</home/anonymous/eqlog-steensgaard-analysis-benchmark/benchmarks/postgresql-9.5.2/initdb.bc>:setup_locale_encoding:58	2	</home/anonymous/eqlog-steensgaard-analysis-benchmark/benchmarks/postgresql-9.5.2/initdb.bc>:setup_locale_encoding:%26
</home/anonymous/eqlog-steensgaard-analysis-benchmark/benchmarks/postgresql-9.5.2/initdb.bc>:setup_locale_encoding:59	0	</home/anonymous/eqlog-steensgaard-analysis-benchmark/benchmarks/postgresql-9.5.2/initdb.bc>:setup_locale_encoding:59:1:1
</home/anonymous/eqlog-steensgaard-analysis-benchmark/benchmarks/postgresql-9.5.2/initdb.bc>:setup_locale_encoding:62	0	</home/anonymous/eqlog-steensgaard-analysis-benchmark/benchmarks/postgresql-9.5.2/initdb.bc>:setup_locale_encoding:%27
</home/anonymous/eqlog-steensgaard-analysis-benchmark/benchmarks/postgresql-9.5.2/initdb.bc>:setup_locale_encoding:69	0	</home/anonymous/eqlog-steensgaard-analysis-benchmark/benchmarks/postgresql-9.5.2/initdb.bc>:setup_locale_encoding:%31
</home/anonymous/eqlog-steensgaard-analysis-benchmark/benchmarks/postgresql-9.5.2/initdb.bc>:setup_locale_encoding:70	0	</home/anonymous/eqlog-steensgaard-analysis-benchmark/benchmarks/postgresql-9.5.2/initdb.bc>:setup_locale_encoding:%28
</home/anonymous/eqlog-steensgaard-analysis-benchmark/benchmarks/postgresql-9.5.2/initdb.bc>:setup_locale_encoding:70	1	</home/anonymous/eqlog-steensgaard-analysis-benchmark/benchmarks/postgresql-9.5.2/initdb.bc>:setup_locale_encoding:70:1:getelementptr inbounds ([52 x i8], [52 x i8]* @.str.13, i32 0, i32 0)
</home/anonymous/eqlog-steensgaard-analysis-benchmark/benchmarks/postgresql-9.5.2/initdb.bc>:setup_locale_encoding:70	2	</home/anonymous/eqlog-steensgaard-analysis-benchmark/benchmarks/postgresql-9.5.2/initdb.bc>:setup_locale_encoding:%29
</home/anonymous/eqlog-steensgaard-analysis-benchmark/benchmarks/postgresql-9.5.2/initdb.bc>:setup_locale_encoding:70	3	</home/anonymous/eqlog-steensgaard-analysis-benchmark/benchmarks/postgresql-9.5.2/initdb.bc>:setup_locale_encoding:%30
</home/anonymous/eqlog-steensgaard-analysis-benchmark/benchmarks/postgresql-9.5.2/initdb.bc>:setup_locale_encoding:70	4	</home/anonymous/eqlog-steensgaard-analysis-benchmark/benchmarks/postgresql-9.5.2/initdb.bc>:setup_locale_encoding:%call26
</home/anonymous/eqlog-steensgaard-analysis-benchmark/benchmarks/postgresql-9.5.2/initdb.bc>:setup_locale_encoding:73	0	</home/anonymous/eqlog-steensgaard-analysis-benchmark/benchmarks/postgresql-9.5.2/initdb.bc>:setup_locale_encoding:%33
</home/anonymous/eqlog-steensgaard-analysis-benchmark/benchmarks/postgresql-9.5.2/initdb.bc>:setup_locale_encoding:75	0	</home/anonymous/eqlog-steensgaard-analysis-benchmark/benchmarks/postgresql-9.5.2/initdb.bc>:setup_locale_encoding:%32
</home/anonymous/eqlog-steensgaard-analysis-benchmark/benchmarks/postgresql-9.5.2/initdb.bc>:setup_locale_encoding:75	1	</home/anonymous/eqlog-steensgaard-analysis-benchmark/benchmarks/postgresql-9.5.2/initdb.bc>:setup_locale_encoding:75:1:getelementptr inbounds ([101 x i8], [101 x i8]* @.str.14, i32 0, i32 0)
</home/anonymous/eqlog-steensgaard-analysis-benchmark/benchmarks/postgresql-9.5.2/initdb.bc>:setup_locale_encoding:75	2	</home/anonymous/eqlog-steensgaard-analysis-benchmark/benchmarks/postgresql-9.5.2/initdb.bc>:setup_locale_encoding:%call28
</home/anonymous/eqlog-steensgaard-analysis-benchmark/benchmarks/postgresql-9.5.2/initdb.bc>:setup_locale_encoding:75	3	</home/anonymous/eqlog-steensgaard-analysis-benchmark/benchmarks/postgresql-9.5.2/initdb.bc>:setup_locale_encoding:%34
</home/anonymous/eqlog-steensgaard-analysis-benchmark/benchmarks/postgresql-9.5.2/initdb.bc>:setup_locale_encoding:76	0	</home/anonymous/eqlog-steensgaard-analysis-benchmark/benchmarks/postgresql-9.5.2/initdb.bc>:setup_locale_encoding:76:1:1
</home/anonymous/eqlog-steensgaard-analysis-benchmark/benchmarks/postgresql-9.5.2/initdb.bc>:setup_locale_encoding:79	0	</home/anonymous/eqlog-steensgaard-analysis-benchmark/benchmarks/postgresql-9.5.2/initdb.bc>:setup_locale_encoding:%35
</home/anonymous/eqlog-steensgaard-analysis-benchmark/benchmarks/postgresql-9.5.2/initdb.bc>:setup_locale_encoding:82	0	</home/anonymous/eqlog-steensgaard-analysis-benchmark/benchmarks/postgresql-9.5.2/initdb.bc>:setup_locale_encoding:%36
</home/anonymous/eqlog-steensgaard-analysis-benchmark/benchmarks/postgresql-9.5.2/initdb.bc>:setup_locale_encoding:83	0	</home/anonymous/eqlog-steensgaard-analysis-benchmark/benchmarks/postgresql-9.5.2/initdb.bc>:setup_locale_encoding:83:1:getelementptr inbounds ([65 x i8], [65 x i8]* @.str.15, i32 0, i32 0)
</home/anonymous/eqlog-steensgaard-analysis-benchmark/benchmarks/postgresql-9.5.2/initdb.bc>:setup_locale_encoding:83	1	</home/anonymous/eqlog-steensgaard-analysis-benchmark/benchmarks/postgresql-9.5.2/initdb.bc>:setup_locale_encoding:%call32
</home/anonymous/eqlog-steensgaard-analysis-benchmark/benchmarks/postgresql-9.5.2/initdb.bc>:setup_locale_encoding:88	0	</home/anonymous/eqlog-steensgaard-analysis-benchmark/benchmarks/postgresql-9.5.2/initdb.bc>:setup_locale_encoding:%37
</home/anonymous/eqlog-steensgaard-analysis-benchmark/benchmarks/postgresql-9.5.2/initdb.bc>:setup_locale_encoding:92	0	</home/anonymous/eqlog-steensgaard-analysis-benchmark/benchmarks/postgresql-9.5.2/initdb.bc>:setup_locale_encoding:%38
</home/anonymous/eqlog-steensgaard-analysis-benchmark/benchmarks/postgresql-9.5.2/initdb.bc>:setup_locale_encoding:96	0	</home/anonymous/eqlog-steensgaard-analysis-benchmark/benchmarks/postgresql-9.5.2/initdb.bc>:setup_locale_encoding:%39
</home/anonymous/eqlog-steensgaard-analysis-benchmark/benchmarks/postgresql-9.5.2/initdb.bc>:setup_locale_encoding:96	1	</home/anonymous/eqlog-steensgaard-analysis-benchmark/benchmarks/postgresql-9.5.2/initdb.bc>:setup_locale_encoding:%40
</home/anonymous/eqlog-steensgaard-analysis-benchmark/benchmarks/postgresql-9.5.2/initdb.bc>:setup_locale_encoding:101	0	</home/anonymous/eqlog-steensgaard-analysis-benchmark/benchmarks/postgresql-9.5.2/initdb.bc>:setup_locale_encoding:%41
</home/anonymous/eqlog-steensgaard-analysis-benchmark/benchmarks/postgresql-9.5.2/initdb.bc>:setup_locale_encoding:101	1	</home/anonymous/eqlog-steensgaard-analysis-benchmark/benchmarks/postgresql-9.5.2/initdb.bc>:setup_locale_encoding:%42
</home/anonymous/eqlog-steensgaard-analysis-benchmark/benchmarks/postgresql-9.5.2/initdb.bc>:setup_locale_encoding:104	0	</home/anonymous/eqlog-steensgaard-analysis-benchmark/benchmarks/postgresql-9.5.2/initdb.bc>:setup_locale_encoding:104:1:1
