</home/anonymous/eqlog-steensgaard-analysis-benchmark/benchmarks/postgresql-9.5.2/initdb.bc>:setup_bin_paths:10	</home/anonymous/eqlog-steensgaard-analysis-benchmark/benchmarks/postgresql-9.5.2/initdb.bc>:setup_bin_paths:%full_path
</home/anonymous/eqlog-steensgaard-analysis-benchmark/benchmarks/postgresql-9.5.2/initdb.bc>:setup_bin_paths:14	</home/anonymous/eqlog-steensgaard-analysis-benchmark/benchmarks/postgresql-9.5.2/initdb.bc>:setup_bin_paths:%full_path
</home/anonymous/eqlog-steensgaard-analysis-benchmark/benchmarks/postgresql-9.5.2/initdb.bc>:setup_bin_paths:23	</home/anonymous/eqlog-steensgaard-analysis-benchmark/benchmarks/postgresql-9.5.2/initdb.bc>:setup_bin_paths:%full_path
</home/anonymous/eqlog-steensgaard-analysis-benchmark/benchmarks/postgresql-9.5.2/initdb.bc>:setup_bin_paths:27	</home/anonymous/eqlog-steensgaard-analysis-benchmark/benchmarks/postgresql-9.5.2/initdb.bc>:setup_bin_paths:%full_path
</home/anonymous/eqlog-steensgaard-analysis-benchmark/benchmarks/postgresql-9.5.2/initdb.bc>:setup_bin_paths:46	</home/anonymous/eqlog-steensgaard-analysis-benchmark/benchmarks/postgresql-9.5.2/initdb.bc>:setup_bin_paths:%10
</home/anonymous/eqlog-steensgaard-analysis-benchmark/benchmarks/postgresql-9.5.2/initdb.bc>:create_xlog_or_symlink:12	</home/anonymous/eqlog-steensgaard-analysis-benchmark/benchmarks/postgresql-9.5.2/initdb.bc>:create_xlog_or_symlink:%3
</home/anonymous/eqlog-steensgaard-analysis-benchmark/benchmarks/postgresql-9.5.2/initdb.bc>:initialize_data_directory:18	</home/anonymous/eqlog-steensgaard-analysis-benchmark/benchmarks/postgresql-9.5.2/initdb.bc>:initialize_data_directory:18:0:@subdirs
</home/anonymous/eqlog-steensgaard-analysis-benchmark/benchmarks/postgresql-9.5.2/initdb.bc>:main:15	</home/anonymous/eqlog-steensgaard-analysis-benchmark/benchmarks/postgresql-9.5.2/initdb.bc>:main:%2
</home/anonymous/eqlog-steensgaard-analysis-benchmark/benchmarks/postgresql-9.5.2/initdb.bc>:main:20	</home/anonymous/eqlog-steensgaard-analysis-benchmark/benchmarks/postgresql-9.5.2/initdb.bc>:main:%4
</home/anonymous/eqlog-steensgaard-analysis-benchmark/benchmarks/postgresql-9.5.2/initdb.bc>:main:27	</home/anonymous/eqlog-steensgaard-analysis-benchmark/benchmarks/postgresql-9.5.2/initdb.bc>:main:%7
</home/anonymous/eqlog-steensgaard-analysis-benchmark/benchmarks/postgresql-9.5.2/initdb.bc>:main:33	</home/anonymous/eqlog-steensgaard-analysis-benchmark/benchmarks/postgresql-9.5.2/initdb.bc>:main:%9
</home/anonymous/eqlog-steensgaard-analysis-benchmark/benchmarks/postgresql-9.5.2/initdb.bc>:main:43	</home/anonymous/eqlog-steensgaard-analysis-benchmark/benchmarks/postgresql-9.5.2/initdb.bc>:main:%12
</home/anonymous/eqlog-steensgaard-analysis-benchmark/benchmarks/postgresql-9.5.2/initdb.bc>:main:49	</home/anonymous/eqlog-steensgaard-analysis-benchmark/benchmarks/postgresql-9.5.2/initdb.bc>:main:%14
</home/anonymous/eqlog-steensgaard-analysis-benchmark/benchmarks/postgresql-9.5.2/initdb.bc>:main:184	</home/anonymous/eqlog-steensgaard-analysis-benchmark/benchmarks/postgresql-9.5.2/initdb.bc>:main:%44
</home/anonymous/eqlog-steensgaard-analysis-benchmark/benchmarks/postgresql-9.5.2/initdb.bc>:main:201	</home/anonymous/eqlog-steensgaard-analysis-benchmark/benchmarks/postgresql-9.5.2/initdb.bc>:main:%52
</home/anonymous/eqlog-steensgaard-analysis-benchmark/benchmarks/postgresql-9.5.2/initdb.bc>:main:254	</home/anonymous/eqlog-steensgaard-analysis-benchmark/benchmarks/postgresql-9.5.2/initdb.bc>:main:%71
</home/anonymous/eqlog-steensgaard-analysis-benchmark/benchmarks/postgresql-9.5.2/initdb.bc>:main:296	</home/anonymous/eqlog-steensgaard-analysis-benchmark/benchmarks/postgresql-9.5.2/initdb.bc>:main:%bin_dir
</home/anonymous/eqlog-steensgaard-analysis-benchmark/benchmarks/postgresql-9.5.2/initdb.bc>:main:298	</home/anonymous/eqlog-steensgaard-analysis-benchmark/benchmarks/postgresql-9.5.2/initdb.bc>:main:%81
</home/anonymous/eqlog-steensgaard-analysis-benchmark/benchmarks/postgresql-9.5.2/initdb.bc>:main:301	</home/anonymous/eqlog-steensgaard-analysis-benchmark/benchmarks/postgresql-9.5.2/initdb.bc>:main:%bin_dir
</home/anonymous/eqlog-steensgaard-analysis-benchmark/benchmarks/postgresql-9.5.2/initdb.bc>:main:303	</home/anonymous/eqlog-steensgaard-analysis-benchmark/benchmarks/postgresql-9.5.2/initdb.bc>:main:%bin_dir
</home/anonymous/eqlog-steensgaard-analysis-benchmark/benchmarks/postgresql-9.5.2/initdb.bc>:main:304	</home/anonymous/eqlog-steensgaard-analysis-benchmark/benchmarks/postgresql-9.5.2/initdb.bc>:main:%bin_dir
</home/anonymous/eqlog-steensgaard-analysis-benchmark/benchmarks/postgresql-9.5.2/initdb.bc>:encodingid_to_string:3	</home/anonymous/eqlog-steensgaard-analysis-benchmark/benchmarks/postgresql-9.5.2/initdb.bc>:encodingid_to_string:%result
</home/anonymous/eqlog-steensgaard-analysis-benchmark/benchmarks/postgresql-9.5.2/initdb.bc>:encodingid_to_string:6	</home/anonymous/eqlog-steensgaard-analysis-benchmark/benchmarks/postgresql-9.5.2/initdb.bc>:encodingid_to_string:%result
</home/anonymous/eqlog-steensgaard-analysis-benchmark/benchmarks/postgresql-9.5.2/initdb.bc>:check_input:30	</home/anonymous/eqlog-steensgaard-analysis-benchmark/benchmarks/postgresql-9.5.2/initdb.bc>:check_input:%statbuf
</home/anonymous/eqlog-steensgaard-analysis-benchmark/benchmarks/postgresql-9.5.2/initdb.bc>:find_matching_ts_config:45	</home/anonymous/eqlog-steensgaard-analysis-benchmark/benchmarks/postgresql-9.5.2/initdb.bc>:find_matching_ts_config:%13
</home/anonymous/eqlog-steensgaard-analysis-benchmark/benchmarks/postgresql-9.5.2/initdb.bc>:find_matching_ts_config:55	</home/anonymous/eqlog-steensgaard-analysis-benchmark/benchmarks/postgresql-9.5.2/initdb.bc>:find_matching_ts_config:55:0:@tsearch_config_languages
</home/anonymous/eqlog-steensgaard-analysis-benchmark/benchmarks/postgresql-9.5.2/initdb.bc>:find_matching_ts_config:56	</home/anonymous/eqlog-steensgaard-analysis-benchmark/benchmarks/postgresql-9.5.2/initdb.bc>:find_matching_ts_config:%arrayidx
</home/anonymous/eqlog-steensgaard-analysis-benchmark/benchmarks/postgresql-9.5.2/initdb.bc>:find_matching_ts_config:62	</home/anonymous/eqlog-steensgaard-analysis-benchmark/benchmarks/postgresql-9.5.2/initdb.bc>:find_matching_ts_config:62:0:@tsearch_config_languages
</home/anonymous/eqlog-steensgaard-analysis-benchmark/benchmarks/postgresql-9.5.2/initdb.bc>:find_matching_ts_config:63	</home/anonymous/eqlog-steensgaard-analysis-benchmark/benchmarks/postgresql-9.5.2/initdb.bc>:find_matching_ts_config:%arrayidx18
</home/anonymous/eqlog-steensgaard-analysis-benchmark/benchmarks/postgresql-9.5.2/initdb.bc>:find_matching_ts_config:73	</home/anonymous/eqlog-steensgaard-analysis-benchmark/benchmarks/postgresql-9.5.2/initdb.bc>:find_matching_ts_config:73:0:@tsearch_config_languages
</home/anonymous/eqlog-steensgaard-analysis-benchmark/benchmarks/postgresql-9.5.2/initdb.bc>:find_matching_ts_config:74	</home/anonymous/eqlog-steensgaard-analysis-benchmark/benchmarks/postgresql-9.5.2/initdb.bc>:find_matching_ts_config:%arrayidx25
</home/anonymous/eqlog-steensgaard-analysis-benchmark/benchmarks/postgresql-9.5.2/initdb.bc>:test_config_settings:21	</home/anonymous/eqlog-steensgaard-analysis-benchmark/benchmarks/postgresql-9.5.2/initdb.bc>:test_config_settings:21:0:@test_config_settings.trial_conns
</home/anonymous/eqlog-steensgaard-analysis-benchmark/benchmarks/postgresql-9.5.2/initdb.bc>:test_config_settings:27	</home/anonymous/eqlog-steensgaard-analysis-benchmark/benchmarks/postgresql-9.5.2/initdb.bc>:test_config_settings:%cmd
</home/anonymous/eqlog-steensgaard-analysis-benchmark/benchmarks/postgresql-9.5.2/initdb.bc>:test_config_settings:32	</home/anonymous/eqlog-steensgaard-analysis-benchmark/benchmarks/postgresql-9.5.2/initdb.bc>:test_config_settings:%cmd
</home/anonymous/eqlog-steensgaard-analysis-benchmark/benchmarks/postgresql-9.5.2/initdb.bc>:test_config_settings:53	</home/anonymous/eqlog-steensgaard-analysis-benchmark/benchmarks/postgresql-9.5.2/initdb.bc>:test_config_settings:53:0:@test_config_settings.trial_conns
</home/anonymous/eqlog-steensgaard-analysis-benchmark/benchmarks/postgresql-9.5.2/initdb.bc>:test_config_settings:68	</home/anonymous/eqlog-steensgaard-analysis-benchmark/benchmarks/postgresql-9.5.2/initdb.bc>:test_config_settings:68:0:@test_config_settings.trial_bufs
</home/anonymous/eqlog-steensgaard-analysis-benchmark/benchmarks/postgresql-9.5.2/initdb.bc>:test_config_settings:80	</home/anonymous/eqlog-steensgaard-analysis-benchmark/benchmarks/postgresql-9.5.2/initdb.bc>:test_config_settings:%cmd
</home/anonymous/eqlog-steensgaard-analysis-benchmark/benchmarks/postgresql-9.5.2/initdb.bc>:test_config_settings:85	</home/anonymous/eqlog-steensgaard-analysis-benchmark/benchmarks/postgresql-9.5.2/initdb.bc>:test_config_settings:%cmd
</home/anonymous/eqlog-steensgaard-analysis-benchmark/benchmarks/postgresql-9.5.2/initdb.bc>:setup_config:15	</home/anonymous/eqlog-steensgaard-analysis-benchmark/benchmarks/postgresql-9.5.2/initdb.bc>:setup_config:%repltok
</home/anonymous/eqlog-steensgaard-analysis-benchmark/benchmarks/postgresql-9.5.2/initdb.bc>:setup_config:19	</home/anonymous/eqlog-steensgaard-analysis-benchmark/benchmarks/postgresql-9.5.2/initdb.bc>:setup_config:%repltok
</home/anonymous/eqlog-steensgaard-analysis-benchmark/benchmarks/postgresql-9.5.2/initdb.bc>:setup_config:27	</home/anonymous/eqlog-steensgaard-analysis-benchmark/benchmarks/postgresql-9.5.2/initdb.bc>:setup_config:%repltok
</home/anonymous/eqlog-steensgaard-analysis-benchmark/benchmarks/postgresql-9.5.2/initdb.bc>:setup_config:33	</home/anonymous/eqlog-steensgaard-analysis-benchmark/benchmarks/postgresql-9.5.2/initdb.bc>:setup_config:%repltok
</home/anonymous/eqlog-steensgaard-analysis-benchmark/benchmarks/postgresql-9.5.2/initdb.bc>:setup_config:39	</home/anonymous/eqlog-steensgaard-analysis-benchmark/benchmarks/postgresql-9.5.2/initdb.bc>:setup_config:%repltok
</home/anonymous/eqlog-steensgaard-analysis-benchmark/benchmarks/postgresql-9.5.2/initdb.bc>:setup_config:42	</home/anonymous/eqlog-steensgaard-analysis-benchmark/benchmarks/postgresql-9.5.2/initdb.bc>:setup_config:%repltok
</home/anonymous/eqlog-steensgaard-analysis-benchmark/benchmarks/postgresql-9.5.2/initdb.bc>:setup_config:45	</home/anonymous/eqlog-steensgaard-analysis-benchmark/benchmarks/postgresql-9.5.2/initdb.bc>:setup_config:%repltok
</home/anonymous/eqlog-steensgaard-analysis-benchmark/benchmarks/postgresql-9.5.2/initdb.bc>:setup_config:48	</home/anonymous/eqlog-steensgaard-analysis-benchmark/benchmarks/postgresql-9.5.2/initdb.bc>:setup_config:%repltok
</home/anonymous/eqlog-steensgaard-analysis-benchmark/benchmarks/postgresql-9.5.2/initdb.bc>:setup_config:53	</home/anonymous/eqlog-steensgaard-analysis-benchmark/benchmarks/postgresql-9.5.2/initdb.bc>:setup_config:%repltok
</home/anonymous/eqlog-steensgaard-analysis-benchmark/benchmarks/postgresql-9.5.2/initdb.bc>:setup_config:56	</home/anonymous/eqlog-steensgaard-analysis-benchmark/benchmarks/postgresql-9.5.2/initdb.bc>:setup_config:%repltok
</home/anonymous/eqlog-steensgaard-analysis-benchmark/benchmarks/postgresql-9.5.2/initdb.bc>:setup_config:61	</home/anonymous/eqlog-steensgaard-analysis-benchmark/benchmarks/postgresql-9.5.2/initdb.bc>:setup_config:%repltok
</home/anonymous/eqlog-steensgaard-analysis-benchmark/benchmarks/postgresql-9.5.2/initdb.bc>:setup_config:64	</home/anonymous/eqlog-steensgaard-analysis-benchmark/benchmarks/postgresql-9.5.2/initdb.bc>:setup_config:%repltok
</home/anonymous/eqlog-steensgaard-analysis-benchmark/benchmarks/postgresql-9.5.2/initdb.bc>:setup_config:69	</home/anonymous/eqlog-steensgaard-analysis-benchmark/benchmarks/postgresql-9.5.2/initdb.bc>:setup_config:%repltok
</home/anonymous/eqlog-steensgaard-analysis-benchmark/benchmarks/postgresql-9.5.2/initdb.bc>:setup_config:72	</home/anonymous/eqlog-steensgaard-analysis-benchmark/benchmarks/postgresql-9.5.2/initdb.bc>:setup_config:%repltok
</home/anonymous/eqlog-steensgaard-analysis-benchmark/benchmarks/postgresql-9.5.2/initdb.bc>:setup_config:77	</home/anonymous/eqlog-steensgaard-analysis-benchmark/benchmarks/postgresql-9.5.2/initdb.bc>:setup_config:%repltok
</home/anonymous/eqlog-steensgaard-analysis-benchmark/benchmarks/postgresql-9.5.2/initdb.bc>:setup_config:83	</home/anonymous/eqlog-steensgaard-analysis-benchmark/benchmarks/postgresql-9.5.2/initdb.bc>:setup_config:%repltok
</home/anonymous/eqlog-steensgaard-analysis-benchmark/benchmarks/postgresql-9.5.2/initdb.bc>:setup_config:86	</home/anonymous/eqlog-steensgaard-analysis-benchmark/benchmarks/postgresql-9.5.2/initdb.bc>:setup_config:%repltok
</home/anonymous/eqlog-steensgaard-analysis-benchmark/benchmarks/postgresql-9.5.2/initdb.bc>:setup_config:90	</home/anonymous/eqlog-steensgaard-analysis-benchmark/benchmarks/postgresql-9.5.2/initdb.bc>:setup_config:%repltok
</home/anonymous/eqlog-steensgaard-analysis-benchmark/benchmarks/postgresql-9.5.2/initdb.bc>:setup_config:94	</home/anonymous/eqlog-steensgaard-analysis-benchmark/benchmarks/postgresql-9.5.2/initdb.bc>:setup_config:%repltok
</home/anonymous/eqlog-steensgaard-analysis-benchmark/benchmarks/postgresql-9.5.2/initdb.bc>:setup_config:97	</home/anonymous/eqlog-steensgaard-analysis-benchmark/benchmarks/postgresql-9.5.2/initdb.bc>:setup_config:%repltok
</home/anonymous/eqlog-steensgaard-analysis-benchmark/benchmarks/postgresql-9.5.2/initdb.bc>:setup_config:102	</home/anonymous/eqlog-steensgaard-analysis-benchmark/benchmarks/postgresql-9.5.2/initdb.bc>:setup_config:%repltok
</home/anonymous/eqlog-steensgaard-analysis-benchmark/benchmarks/postgresql-9.5.2/initdb.bc>:setup_config:111	</home/anonymous/eqlog-steensgaard-analysis-benchmark/benchmarks/postgresql-9.5.2/initdb.bc>:setup_config:%repltok
</home/anonymous/eqlog-steensgaard-analysis-benchmark/benchmarks/postgresql-9.5.2/initdb.bc>:setup_config:116	</home/anonymous/eqlog-steensgaard-analysis-benchmark/benchmarks/postgresql-9.5.2/initdb.bc>:setup_config:%repltok
</home/anonymous/eqlog-steensgaard-analysis-benchmark/benchmarks/postgresql-9.5.2/initdb.bc>:setup_config:119	</home/anonymous/eqlog-steensgaard-analysis-benchmark/benchmarks/postgresql-9.5.2/initdb.bc>:setup_config:%repltok
</home/anonymous/eqlog-steensgaard-analysis-benchmark/benchmarks/postgresql-9.5.2/initdb.bc>:setup_config:124	</home/anonymous/eqlog-steensgaard-analysis-benchmark/benchmarks/postgresql-9.5.2/initdb.bc>:setup_config:%repltok
</home/anonymous/eqlog-steensgaard-analysis-benchmark/benchmarks/postgresql-9.5.2/initdb.bc>:setup_config:128	</home/anonymous/eqlog-steensgaard-analysis-benchmark/benchmarks/postgresql-9.5.2/initdb.bc>:setup_config:%repltok
</home/anonymous/eqlog-steensgaard-analysis-benchmark/benchmarks/postgresql-9.5.2/initdb.bc>:setup_config:132	</home/anonymous/eqlog-steensgaard-analysis-benchmark/benchmarks/postgresql-9.5.2/initdb.bc>:setup_config:%repltok
</home/anonymous/eqlog-steensgaard-analysis-benchmark/benchmarks/postgresql-9.5.2/initdb.bc>:setup_config:135	</home/anonymous/eqlog-steensgaard-analysis-benchmark/benchmarks/postgresql-9.5.2/initdb.bc>:setup_config:%path
</home/anonymous/eqlog-steensgaard-analysis-benchmark/benchmarks/postgresql-9.5.2/initdb.bc>:setup_config:138	</home/anonymous/eqlog-steensgaard-analysis-benchmark/benchmarks/postgresql-9.5.2/initdb.bc>:setup_config:%path
</home/anonymous/eqlog-steensgaard-analysis-benchmark/benchmarks/postgresql-9.5.2/initdb.bc>:setup_config:141	</home/anonymous/eqlog-steensgaard-analysis-benchmark/benchmarks/postgresql-9.5.2/initdb.bc>:setup_config:%path
</home/anonymous/eqlog-steensgaard-analysis-benchmark/benchmarks/postgresql-9.5.2/initdb.bc>:setup_config:147	</home/anonymous/eqlog-steensgaard-analysis-benchmark/benchmarks/postgresql-9.5.2/initdb.bc>:setup_config:%path
</home/anonymous/eqlog-steensgaard-analysis-benchmark/benchmarks/postgresql-9.5.2/initdb.bc>:setup_config:155	</home/anonymous/eqlog-steensgaard-analysis-benchmark/benchmarks/postgresql-9.5.2/initdb.bc>:setup_config:%autoconflines
</home/anonymous/eqlog-steensgaard-analysis-benchmark/benchmarks/postgresql-9.5.2/initdb.bc>:setup_config:158	</home/anonymous/eqlog-steensgaard-analysis-benchmark/benchmarks/postgresql-9.5.2/initdb.bc>:setup_config:%autoconflines
</home/anonymous/eqlog-steensgaard-analysis-benchmark/benchmarks/postgresql-9.5.2/initdb.bc>:setup_config:160	</home/anonymous/eqlog-steensgaard-analysis-benchmark/benchmarks/postgresql-9.5.2/initdb.bc>:setup_config:%autoconflines
</home/anonymous/eqlog-steensgaard-analysis-benchmark/benchmarks/postgresql-9.5.2/initdb.bc>:setup_config:162	</home/anonymous/eqlog-steensgaard-analysis-benchmark/benchmarks/postgresql-9.5.2/initdb.bc>:setup_config:%path
</home/anonymous/eqlog-steensgaard-analysis-benchmark/benchmarks/postgresql-9.5.2/initdb.bc>:setup_config:165	</home/anonymous/eqlog-steensgaard-analysis-benchmark/benchmarks/postgresql-9.5.2/initdb.bc>:setup_config:%path
</home/anonymous/eqlog-steensgaard-analysis-benchmark/benchmarks/postgresql-9.5.2/initdb.bc>:setup_config:166	</home/anonymous/eqlog-steensgaard-analysis-benchmark/benchmarks/postgresql-9.5.2/initdb.bc>:setup_config:%autoconflines
</home/anonymous/eqlog-steensgaard-analysis-benchmark/benchmarks/postgresql-9.5.2/initdb.bc>:setup_config:168	</home/anonymous/eqlog-steensgaard-analysis-benchmark/benchmarks/postgresql-9.5.2/initdb.bc>:setup_config:%path
</home/anonymous/eqlog-steensgaard-analysis-benchmark/benchmarks/postgresql-9.5.2/initdb.bc>:setup_config:174	</home/anonymous/eqlog-steensgaard-analysis-benchmark/benchmarks/postgresql-9.5.2/initdb.bc>:setup_config:%path
</home/anonymous/eqlog-steensgaard-analysis-benchmark/benchmarks/postgresql-9.5.2/initdb.bc>:setup_config:191	</home/anonymous/eqlog-steensgaard-analysis-benchmark/benchmarks/postgresql-9.5.2/initdb.bc>:setup_config:%hints
</home/anonymous/eqlog-steensgaard-analysis-benchmark/benchmarks/postgresql-9.5.2/initdb.bc>:setup_config:193	</home/anonymous/eqlog-steensgaard-analysis-benchmark/benchmarks/postgresql-9.5.2/initdb.bc>:setup_config:%hints
</home/anonymous/eqlog-steensgaard-analysis-benchmark/benchmarks/postgresql-9.5.2/initdb.bc>:setup_config:195	</home/anonymous/eqlog-steensgaard-analysis-benchmark/benchmarks/postgresql-9.5.2/initdb.bc>:setup_config:%hints
</home/anonymous/eqlog-steensgaard-analysis-benchmark/benchmarks/postgresql-9.5.2/initdb.bc>:setup_config:197	</home/anonymous/eqlog-steensgaard-analysis-benchmark/benchmarks/postgresql-9.5.2/initdb.bc>:setup_config:%hints
</home/anonymous/eqlog-steensgaard-analysis-benchmark/benchmarks/postgresql-9.5.2/initdb.bc>:setup_config:199	</home/anonymous/eqlog-steensgaard-analysis-benchmark/benchmarks/postgresql-9.5.2/initdb.bc>:setup_config:%hints
</home/anonymous/eqlog-steensgaard-analysis-benchmark/benchmarks/postgresql-9.5.2/initdb.bc>:setup_config:201	</home/anonymous/eqlog-steensgaard-analysis-benchmark/benchmarks/postgresql-9.5.2/initdb.bc>:setup_config:%hints
</home/anonymous/eqlog-steensgaard-analysis-benchmark/benchmarks/postgresql-9.5.2/initdb.bc>:setup_config:203	</home/anonymous/eqlog-steensgaard-analysis-benchmark/benchmarks/postgresql-9.5.2/initdb.bc>:setup_config:%hints
</home/anonymous/eqlog-steensgaard-analysis-benchmark/benchmarks/postgresql-9.5.2/initdb.bc>:setup_config:205	</home/anonymous/eqlog-steensgaard-analysis-benchmark/benchmarks/postgresql-9.5.2/initdb.bc>:setup_config:%hints
</home/anonymous/eqlog-steensgaard-analysis-benchmark/benchmarks/postgresql-9.5.2/initdb.bc>:setup_config:242	</home/anonymous/eqlog-steensgaard-analysis-benchmark/benchmarks/postgresql-9.5.2/initdb.bc>:setup_config:%path
</home/anonymous/eqlog-steensgaard-analysis-benchmark/benchmarks/postgresql-9.5.2/initdb.bc>:setup_config:245	</home/anonymous/eqlog-steensgaard-analysis-benchmark/benchmarks/postgresql-9.5.2/initdb.bc>:setup_config:%path
</home/anonymous/eqlog-steensgaard-analysis-benchmark/benchmarks/postgresql-9.5.2/initdb.bc>:setup_config:248	</home/anonymous/eqlog-steensgaard-analysis-benchmark/benchmarks/postgresql-9.5.2/initdb.bc>:setup_config:%path
</home/anonymous/eqlog-steensgaard-analysis-benchmark/benchmarks/postgresql-9.5.2/initdb.bc>:setup_config:254	</home/anonymous/eqlog-steensgaard-analysis-benchmark/benchmarks/postgresql-9.5.2/initdb.bc>:setup_config:%path
</home/anonymous/eqlog-steensgaard-analysis-benchmark/benchmarks/postgresql-9.5.2/initdb.bc>:setup_config:267	</home/anonymous/eqlog-steensgaard-analysis-benchmark/benchmarks/postgresql-9.5.2/initdb.bc>:setup_config:%path
</home/anonymous/eqlog-steensgaard-analysis-benchmark/benchmarks/postgresql-9.5.2/initdb.bc>:setup_config:270	</home/anonymous/eqlog-steensgaard-analysis-benchmark/benchmarks/postgresql-9.5.2/initdb.bc>:setup_config:%path
</home/anonymous/eqlog-steensgaard-analysis-benchmark/benchmarks/postgresql-9.5.2/initdb.bc>:setup_config:273	</home/anonymous/eqlog-steensgaard-analysis-benchmark/benchmarks/postgresql-9.5.2/initdb.bc>:setup_config:%path
</home/anonymous/eqlog-steensgaard-analysis-benchmark/benchmarks/postgresql-9.5.2/initdb.bc>:setup_config:279	</home/anonymous/eqlog-steensgaard-analysis-benchmark/benchmarks/postgresql-9.5.2/initdb.bc>:setup_config:%path
</home/anonymous/eqlog-steensgaard-analysis-benchmark/benchmarks/postgresql-9.5.2/initdb.bc>:bootstrap_template1:20	</home/anonymous/eqlog-steensgaard-analysis-benchmark/benchmarks/postgresql-9.5.2/initdb.bc>:bootstrap_template1:%headerline
</home/anonymous/eqlog-steensgaard-analysis-benchmark/benchmarks/postgresql-9.5.2/initdb.bc>:bootstrap_template1:22	</home/anonymous/eqlog-steensgaard-analysis-benchmark/benchmarks/postgresql-9.5.2/initdb.bc>:bootstrap_template1:%headerline
</home/anonymous/eqlog-steensgaard-analysis-benchmark/benchmarks/postgresql-9.5.2/initdb.bc>:bootstrap_template1:34	</home/anonymous/eqlog-steensgaard-analysis-benchmark/benchmarks/postgresql-9.5.2/initdb.bc>:bootstrap_template1:%buf
</home/anonymous/eqlog-steensgaard-analysis-benchmark/benchmarks/postgresql-9.5.2/initdb.bc>:bootstrap_template1:37	</home/anonymous/eqlog-steensgaard-analysis-benchmark/benchmarks/postgresql-9.5.2/initdb.bc>:bootstrap_template1:%buf
</home/anonymous/eqlog-steensgaard-analysis-benchmark/benchmarks/postgresql-9.5.2/initdb.bc>:bootstrap_template1:40	</home/anonymous/eqlog-steensgaard-analysis-benchmark/benchmarks/postgresql-9.5.2/initdb.bc>:bootstrap_template1:%buf
</home/anonymous/eqlog-steensgaard-analysis-benchmark/benchmarks/postgresql-9.5.2/initdb.bc>:bootstrap_template1:43	</home/anonymous/eqlog-steensgaard-analysis-benchmark/benchmarks/postgresql-9.5.2/initdb.bc>:bootstrap_template1:%buf
</home/anonymous/eqlog-steensgaard-analysis-benchmark/benchmarks/postgresql-9.5.2/initdb.bc>:bootstrap_template1:74	</home/anonymous/eqlog-steensgaard-analysis-benchmark/benchmarks/postgresql-9.5.2/initdb.bc>:bootstrap_template1:%cmd
