</home/anonymous/eqlog-steensgaard-analysis-benchmark/benchmarks/postgresql-9.5.2/initdb.bc>:setup_pgdata:3	</home/anonymous/eqlog-steensgaard-analysis-benchmark/benchmarks/postgresql-9.5.2/initdb.bc>:setup_pgdata
</home/anonymous/eqlog-steensgaard-analysis-benchmark/benchmarks/postgresql-9.5.2/initdb.bc>:setup_pgdata:6	</home/anonymous/eqlog-steensgaard-analysis-benchmark/benchmarks/postgresql-9.5.2/initdb.bc>:setup_pgdata
</home/anonymous/eqlog-steensgaard-analysis-benchmark/benchmarks/postgresql-9.5.2/initdb.bc>:setup_pgdata:12	</home/anonymous/eqlog-steensgaard-analysis-benchmark/benchmarks/postgresql-9.5.2/initdb.bc>:setup_pgdata
</home/anonymous/eqlog-steensgaard-analysis-benchmark/benchmarks/postgresql-9.5.2/initdb.bc>:setup_pgdata:16	</home/anonymous/eqlog-steensgaard-analysis-benchmark/benchmarks/postgresql-9.5.2/initdb.bc>:setup_pgdata
</home/anonymous/eqlog-steensgaard-analysis-benchmark/benchmarks/postgresql-9.5.2/initdb.bc>:setup_pgdata:21	</home/anonymous/eqlog-steensgaard-analysis-benchmark/benchmarks/postgresql-9.5.2/initdb.bc>:setup_pgdata
</home/anonymous/eqlog-steensgaard-analysis-benchmark/benchmarks/postgresql-9.5.2/initdb.bc>:setup_pgdata:22	</home/anonymous/eqlog-steensgaard-analysis-benchmark/benchmarks/postgresql-9.5.2/initdb.bc>:setup_pgdata
</home/anonymous/eqlog-steensgaard-analysis-benchmark/benchmarks/postgresql-9.5.2/initdb.bc>:setup_pgdata:26	</home/anonymous/eqlog-steensgaard-analysis-benchmark/benchmarks/postgresql-9.5.2/initdb.bc>:setup_pgdata
</home/anonymous/eqlog-steensgaard-analysis-benchmark/benchmarks/postgresql-9.5.2/initdb.bc>:setup_pgdata:29	</home/anonymous/eqlog-steensgaard-analysis-benchmark/benchmarks/postgresql-9.5.2/initdb.bc>:setup_pgdata
</home/anonymous/eqlog-steensgaard-analysis-benchmark/benchmarks/postgresql-9.5.2/initdb.bc>:setup_pgdata:31	</home/anonymous/eqlog-steensgaard-analysis-benchmark/benchmarks/postgresql-9.5.2/initdb.bc>:setup_pgdata
</home/anonymous/eqlog-steensgaard-analysis-benchmark/benchmarks/postgresql-9.5.2/initdb.bc>:setup_pgdata:34	</home/anonymous/eqlog-steensgaard-analysis-benchmark/benchmarks/postgresql-9.5.2/initdb.bc>:setup_pgdata
</home/anonymous/eqlog-steensgaard-analysis-benchmark/benchmarks/postgresql-9.5.2/initdb.bc>:setup_pgdata:0	</home/anonymous/eqlog-steensgaard-analysis-benchmark/benchmarks/postgresql-9.5.2/initdb.bc>:setup_pgdata
</home/anonymous/eqlog-steensgaard-analysis-benchmark/benchmarks/postgresql-9.5.2/initdb.bc>:setup_pgdata:1	</home/anonymous/eqlog-steensgaard-analysis-benchmark/benchmarks/postgresql-9.5.2/initdb.bc>:setup_pgdata
</home/anonymous/eqlog-steensgaard-analysis-benchmark/benchmarks/postgresql-9.5.2/initdb.bc>:setup_pgdata:2	</home/anonymous/eqlog-steensgaard-analysis-benchmark/benchmarks/postgresql-9.5.2/initdb.bc>:setup_pgdata
</home/anonymous/eqlog-steensgaard-analysis-benchmark/benchmarks/postgresql-9.5.2/initdb.bc>:setup_pgdata:4	</home/anonymous/eqlog-steensgaard-analysis-benchmark/benchmarks/postgresql-9.5.2/initdb.bc>:setup_pgdata
</home/anonymous/eqlog-steensgaard-analysis-benchmark/benchmarks/postgresql-9.5.2/initdb.bc>:setup_pgdata:8	</home/anonymous/eqlog-steensgaard-analysis-benchmark/benchmarks/postgresql-9.5.2/initdb.bc>:setup_pgdata
</home/anonymous/eqlog-steensgaard-analysis-benchmark/benchmarks/postgresql-9.5.2/initdb.bc>:setup_pgdata:9	</home/anonymous/eqlog-steensgaard-analysis-benchmark/benchmarks/postgresql-9.5.2/initdb.bc>:setup_pgdata
</home/anonymous/eqlog-steensgaard-analysis-benchmark/benchmarks/postgresql-9.5.2/initdb.bc>:setup_pgdata:11	</home/anonymous/eqlog-steensgaard-analysis-benchmark/benchmarks/postgresql-9.5.2/initdb.bc>:setup_pgdata
</home/anonymous/eqlog-steensgaard-analysis-benchmark/benchmarks/postgresql-9.5.2/initdb.bc>:setup_pgdata:13	</home/anonymous/eqlog-steensgaard-analysis-benchmark/benchmarks/postgresql-9.5.2/initdb.bc>:setup_pgdata
</home/anonymous/eqlog-steensgaard-analysis-benchmark/benchmarks/postgresql-9.5.2/initdb.bc>:setup_pgdata:15	</home/anonymous/eqlog-steensgaard-analysis-benchmark/benchmarks/postgresql-9.5.2/initdb.bc>:setup_pgdata
</home/anonymous/eqlog-steensgaard-analysis-benchmark/benchmarks/postgresql-9.5.2/initdb.bc>:setup_pgdata:19	</home/anonymous/eqlog-steensgaard-analysis-benchmark/benchmarks/postgresql-9.5.2/initdb.bc>:setup_pgdata
</home/anonymous/eqlog-steensgaard-analysis-benchmark/benchmarks/postgresql-9.5.2/initdb.bc>:setup_pgdata:20	</home/anonymous/eqlog-steensgaard-analysis-benchmark/benchmarks/postgresql-9.5.2/initdb.bc>:setup_pgdata
</home/anonymous/eqlog-steensgaard-analysis-benchmark/benchmarks/postgresql-9.5.2/initdb.bc>:setup_pgdata:25	</home/anonymous/eqlog-steensgaard-analysis-benchmark/benchmarks/postgresql-9.5.2/initdb.bc>:setup_pgdata
</home/anonymous/eqlog-steensgaard-analysis-benchmark/benchmarks/postgresql-9.5.2/initdb.bc>:setup_pgdata:28	</home/anonymous/eqlog-steensgaard-analysis-benchmark/benchmarks/postgresql-9.5.2/initdb.bc>:setup_pgdata
</home/anonymous/eqlog-steensgaard-analysis-benchmark/benchmarks/postgresql-9.5.2/initdb.bc>:setup_pgdata:30	</home/anonymous/eqlog-steensgaard-analysis-benchmark/benchmarks/postgresql-9.5.2/initdb.bc>:setup_pgdata
</home/anonymous/eqlog-steensgaard-analysis-benchmark/benchmarks/postgresql-9.5.2/initdb.bc>:setup_pgdata:33	</home/anonymous/eqlog-steensgaard-analysis-benchmark/benchmarks/postgresql-9.5.2/initdb.bc>:setup_pgdata
</home/anonymous/eqlog-steensgaard-analysis-benchmark/benchmarks/postgresql-9.5.2/initdb.bc>:setup_pgdata:5	</home/anonymous/eqlog-steensgaard-analysis-benchmark/benchmarks/postgresql-9.5.2/initdb.bc>:setup_pgdata
</home/anonymous/eqlog-steensgaard-analysis-benchmark/benchmarks/postgresql-9.5.2/initdb.bc>:setup_pgdata:7	</home/anonymous/eqlog-steensgaard-analysis-benchmark/benchmarks/postgresql-9.5.2/initdb.bc>:setup_pgdata
</home/anonymous/eqlog-steensgaard-analysis-benchmark/benchmarks/postgresql-9.5.2/initdb.bc>:setup_pgdata:10	</home/anonymous/eqlog-steensgaard-analysis-benchmark/benchmarks/postgresql-9.5.2/initdb.bc>:setup_pgdata
</home/anonymous/eqlog-steensgaard-analysis-benchmark/benchmarks/postgresql-9.5.2/initdb.bc>:setup_pgdata:14	</home/anonymous/eqlog-steensgaard-analysis-benchmark/benchmarks/postgresql-9.5.2/initdb.bc>:setup_pgdata
</home/anonymous/eqlog-steensgaard-analysis-benchmark/benchmarks/postgresql-9.5.2/initdb.bc>:setup_pgdata:17	</home/anonymous/eqlog-steensgaard-analysis-benchmark/benchmarks/postgresql-9.5.2/initdb.bc>:setup_pgdata
</home/anonymous/eqlog-steensgaard-analysis-benchmark/benchmarks/postgresql-9.5.2/initdb.bc>:setup_pgdata:18	</home/anonymous/eqlog-steensgaard-analysis-benchmark/benchmarks/postgresql-9.5.2/initdb.bc>:setup_pgdata
</home/anonymous/eqlog-steensgaard-analysis-benchmark/benchmarks/postgresql-9.5.2/initdb.bc>:setup_pgdata:23	</home/anonymous/eqlog-steensgaard-analysis-benchmark/benchmarks/postgresql-9.5.2/initdb.bc>:setup_pgdata
</home/anonymous/eqlog-steensgaard-analysis-benchmark/benchmarks/postgresql-9.5.2/initdb.bc>:setup_pgdata:24	</home/anonymous/eqlog-steensgaard-analysis-benchmark/benchmarks/postgresql-9.5.2/initdb.bc>:setup_pgdata
</home/anonymous/eqlog-steensgaard-analysis-benchmark/benchmarks/postgresql-9.5.2/initdb.bc>:setup_pgdata:27	</home/anonymous/eqlog-steensgaard-analysis-benchmark/benchmarks/postgresql-9.5.2/initdb.bc>:setup_pgdata
</home/anonymous/eqlog-steensgaard-analysis-benchmark/benchmarks/postgresql-9.5.2/initdb.bc>:setup_pgdata:32	</home/anonymous/eqlog-steensgaard-analysis-benchmark/benchmarks/postgresql-9.5.2/initdb.bc>:setup_pgdata
</home/anonymous/eqlog-steensgaard-analysis-benchmark/benchmarks/postgresql-9.5.2/initdb.bc>:setup_pgdata:35	</home/anonymous/eqlog-steensgaard-analysis-benchmark/benchmarks/postgresql-9.5.2/initdb.bc>:setup_pgdata
</home/anonymous/eqlog-steensgaard-analysis-benchmark/benchmarks/postgresql-9.5.2/initdb.bc>:setup_bin_paths:5	</home/anonymous/eqlog-steensgaard-analysis-benchmark/benchmarks/postgresql-9.5.2/initdb.bc>:setup_bin_paths
</home/anonymous/eqlog-steensgaard-analysis-benchmark/benchmarks/postgresql-9.5.2/initdb.bc>:setup_bin_paths:11	</home/anonymous/eqlog-steensgaard-analysis-benchmark/benchmarks/postgresql-9.5.2/initdb.bc>:setup_bin_paths
</home/anonymous/eqlog-steensgaard-analysis-benchmark/benchmarks/postgresql-9.5.2/initdb.bc>:setup_bin_paths:16	</home/anonymous/eqlog-steensgaard-analysis-benchmark/benchmarks/postgresql-9.5.2/initdb.bc>:setup_bin_paths
</home/anonymous/eqlog-steensgaard-analysis-benchmark/benchmarks/postgresql-9.5.2/initdb.bc>:setup_bin_paths:24	</home/anonymous/eqlog-steensgaard-analysis-benchmark/benchmarks/postgresql-9.5.2/initdb.bc>:setup_bin_paths
</home/anonymous/eqlog-steensgaard-analysis-benchmark/benchmarks/postgresql-9.5.2/initdb.bc>:setup_bin_paths:29	</home/anonymous/eqlog-steensgaard-analysis-benchmark/benchmarks/postgresql-9.5.2/initdb.bc>:setup_bin_paths
</home/anonymous/eqlog-steensgaard-analysis-benchmark/benchmarks/postgresql-9.5.2/initdb.bc>:setup_bin_paths:31	</home/anonymous/eqlog-steensgaard-analysis-benchmark/benchmarks/postgresql-9.5.2/initdb.bc>:setup_bin_paths
</home/anonymous/eqlog-steensgaard-analysis-benchmark/benchmarks/postgresql-9.5.2/initdb.bc>:setup_bin_paths:33	</home/anonymous/eqlog-steensgaard-analysis-benchmark/benchmarks/postgresql-9.5.2/initdb.bc>:setup_bin_paths
</home/anonymous/eqlog-steensgaard-analysis-benchmark/benchmarks/postgresql-9.5.2/initdb.bc>:setup_bin_paths:34	</home/anonymous/eqlog-steensgaard-analysis-benchmark/benchmarks/postgresql-9.5.2/initdb.bc>:setup_bin_paths
</home/anonymous/eqlog-steensgaard-analysis-benchmark/benchmarks/postgresql-9.5.2/initdb.bc>:setup_bin_paths:36	</home/anonymous/eqlog-steensgaard-analysis-benchmark/benchmarks/postgresql-9.5.2/initdb.bc>:setup_bin_paths
</home/anonymous/eqlog-steensgaard-analysis-benchmark/benchmarks/postgresql-9.5.2/initdb.bc>:setup_bin_paths:40	</home/anonymous/eqlog-steensgaard-analysis-benchmark/benchmarks/postgresql-9.5.2/initdb.bc>:setup_bin_paths
</home/anonymous/eqlog-steensgaard-analysis-benchmark/benchmarks/postgresql-9.5.2/initdb.bc>:setup_bin_paths:43	</home/anonymous/eqlog-steensgaard-analysis-benchmark/benchmarks/postgresql-9.5.2/initdb.bc>:setup_bin_paths
</home/anonymous/eqlog-steensgaard-analysis-benchmark/benchmarks/postgresql-9.5.2/initdb.bc>:setup_bin_paths:53	</home/anonymous/eqlog-steensgaard-analysis-benchmark/benchmarks/postgresql-9.5.2/initdb.bc>:setup_bin_paths
</home/anonymous/eqlog-steensgaard-analysis-benchmark/benchmarks/postgresql-9.5.2/initdb.bc>:setup_bin_paths:54	</home/anonymous/eqlog-steensgaard-analysis-benchmark/benchmarks/postgresql-9.5.2/initdb.bc>:setup_bin_paths
</home/anonymous/eqlog-steensgaard-analysis-benchmark/benchmarks/postgresql-9.5.2/initdb.bc>:setup_bin_paths:58	</home/anonymous/eqlog-steensgaard-analysis-benchmark/benchmarks/postgresql-9.5.2/initdb.bc>:setup_bin_paths
</home/anonymous/eqlog-steensgaard-analysis-benchmark/benchmarks/postgresql-9.5.2/initdb.bc>:setup_bin_paths:0	</home/anonymous/eqlog-steensgaard-analysis-benchmark/benchmarks/postgresql-9.5.2/initdb.bc>:setup_bin_paths
</home/anonymous/eqlog-steensgaard-analysis-benchmark/benchmarks/postgresql-9.5.2/initdb.bc>:setup_bin_paths:1	</home/anonymous/eqlog-steensgaard-analysis-benchmark/benchmarks/postgresql-9.5.2/initdb.bc>:setup_bin_paths
</home/anonymous/eqlog-steensgaard-analysis-benchmark/benchmarks/postgresql-9.5.2/initdb.bc>:setup_bin_paths:2	</home/anonymous/eqlog-steensgaard-analysis-benchmark/benchmarks/postgresql-9.5.2/initdb.bc>:setup_bin_paths
</home/anonymous/eqlog-steensgaard-analysis-benchmark/benchmarks/postgresql-9.5.2/initdb.bc>:setup_bin_paths:4	</home/anonymous/eqlog-steensgaard-analysis-benchmark/benchmarks/postgresql-9.5.2/initdb.bc>:setup_bin_paths
</home/anonymous/eqlog-steensgaard-analysis-benchmark/benchmarks/postgresql-9.5.2/initdb.bc>:setup_bin_paths:7	</home/anonymous/eqlog-steensgaard-analysis-benchmark/benchmarks/postgresql-9.5.2/initdb.bc>:setup_bin_paths
</home/anonymous/eqlog-steensgaard-analysis-benchmark/benchmarks/postgresql-9.5.2/initdb.bc>:setup_bin_paths:9	</home/anonymous/eqlog-steensgaard-analysis-benchmark/benchmarks/postgresql-9.5.2/initdb.bc>:setup_bin_paths
</home/anonymous/eqlog-steensgaard-analysis-benchmark/benchmarks/postgresql-9.5.2/initdb.bc>:setup_bin_paths:10	</home/anonymous/eqlog-steensgaard-analysis-benchmark/benchmarks/postgresql-9.5.2/initdb.bc>:setup_bin_paths
</home/anonymous/eqlog-steensgaard-analysis-benchmark/benchmarks/postgresql-9.5.2/initdb.bc>:setup_bin_paths:12	</home/anonymous/eqlog-steensgaard-analysis-benchmark/benchmarks/postgresql-9.5.2/initdb.bc>:setup_bin_paths
</home/anonymous/eqlog-steensgaard-analysis-benchmark/benchmarks/postgresql-9.5.2/initdb.bc>:setup_bin_paths:14	</home/anonymous/eqlog-steensgaard-analysis-benchmark/benchmarks/postgresql-9.5.2/initdb.bc>:setup_bin_paths
</home/anonymous/eqlog-steensgaard-analysis-benchmark/benchmarks/postgresql-9.5.2/initdb.bc>:setup_bin_paths:15	</home/anonymous/eqlog-steensgaard-analysis-benchmark/benchmarks/postgresql-9.5.2/initdb.bc>:setup_bin_paths
</home/anonymous/eqlog-steensgaard-analysis-benchmark/benchmarks/postgresql-9.5.2/initdb.bc>:setup_bin_paths:18	</home/anonymous/eqlog-steensgaard-analysis-benchmark/benchmarks/postgresql-9.5.2/initdb.bc>:setup_bin_paths
</home/anonymous/eqlog-steensgaard-analysis-benchmark/benchmarks/postgresql-9.5.2/initdb.bc>:setup_bin_paths:19	</home/anonymous/eqlog-steensgaard-analysis-benchmark/benchmarks/postgresql-9.5.2/initdb.bc>:setup_bin_paths
</home/anonymous/eqlog-steensgaard-analysis-benchmark/benchmarks/postgresql-9.5.2/initdb.bc>:setup_bin_paths:21	</home/anonymous/eqlog-steensgaard-analysis-benchmark/benchmarks/postgresql-9.5.2/initdb.bc>:setup_bin_paths
</home/anonymous/eqlog-steensgaard-analysis-benchmark/benchmarks/postgresql-9.5.2/initdb.bc>:setup_bin_paths:22	</home/anonymous/eqlog-steensgaard-analysis-benchmark/benchmarks/postgresql-9.5.2/initdb.bc>:setup_bin_paths
</home/anonymous/eqlog-steensgaard-analysis-benchmark/benchmarks/postgresql-9.5.2/initdb.bc>:setup_bin_paths:23	</home/anonymous/eqlog-steensgaard-analysis-benchmark/benchmarks/postgresql-9.5.2/initdb.bc>:setup_bin_paths
</home/anonymous/eqlog-steensgaard-analysis-benchmark/benchmarks/postgresql-9.5.2/initdb.bc>:setup_bin_paths:26	</home/anonymous/eqlog-steensgaard-analysis-benchmark/benchmarks/postgresql-9.5.2/initdb.bc>:setup_bin_paths
</home/anonymous/eqlog-steensgaard-analysis-benchmark/benchmarks/postgresql-9.5.2/initdb.bc>:setup_bin_paths:27	</home/anonymous/eqlog-steensgaard-analysis-benchmark/benchmarks/postgresql-9.5.2/initdb.bc>:setup_bin_paths
</home/anonymous/eqlog-steensgaard-analysis-benchmark/benchmarks/postgresql-9.5.2/initdb.bc>:setup_bin_paths:28	</home/anonymous/eqlog-steensgaard-analysis-benchmark/benchmarks/postgresql-9.5.2/initdb.bc>:setup_bin_paths
</home/anonymous/eqlog-steensgaard-analysis-benchmark/benchmarks/postgresql-9.5.2/initdb.bc>:setup_bin_paths:37	</home/anonymous/eqlog-steensgaard-analysis-benchmark/benchmarks/postgresql-9.5.2/initdb.bc>:setup_bin_paths
</home/anonymous/eqlog-steensgaard-analysis-benchmark/benchmarks/postgresql-9.5.2/initdb.bc>:setup_bin_paths:38	</home/anonymous/eqlog-steensgaard-analysis-benchmark/benchmarks/postgresql-9.5.2/initdb.bc>:setup_bin_paths
</home/anonymous/eqlog-steensgaard-analysis-benchmark/benchmarks/postgresql-9.5.2/initdb.bc>:setup_bin_paths:42	</home/anonymous/eqlog-steensgaard-analysis-benchmark/benchmarks/postgresql-9.5.2/initdb.bc>:setup_bin_paths
</home/anonymous/eqlog-steensgaard-analysis-benchmark/benchmarks/postgresql-9.5.2/initdb.bc>:setup_bin_paths:45	</home/anonymous/eqlog-steensgaard-analysis-benchmark/benchmarks/postgresql-9.5.2/initdb.bc>:setup_bin_paths
</home/anonymous/eqlog-steensgaard-analysis-benchmark/benchmarks/postgresql-9.5.2/initdb.bc>:setup_bin_paths:46	</home/anonymous/eqlog-steensgaard-analysis-benchmark/benchmarks/postgresql-9.5.2/initdb.bc>:setup_bin_paths
</home/anonymous/eqlog-steensgaard-analysis-benchmark/benchmarks/postgresql-9.5.2/initdb.bc>:setup_bin_paths:47	</home/anonymous/eqlog-steensgaard-analysis-benchmark/benchmarks/postgresql-9.5.2/initdb.bc>:setup_bin_paths
</home/anonymous/eqlog-steensgaard-analysis-benchmark/benchmarks/postgresql-9.5.2/initdb.bc>:setup_bin_paths:48	</home/anonymous/eqlog-steensgaard-analysis-benchmark/benchmarks/postgresql-9.5.2/initdb.bc>:setup_bin_paths
</home/anonymous/eqlog-steensgaard-analysis-benchmark/benchmarks/postgresql-9.5.2/initdb.bc>:setup_bin_paths:49	</home/anonymous/eqlog-steensgaard-analysis-benchmark/benchmarks/postgresql-9.5.2/initdb.bc>:setup_bin_paths
</home/anonymous/eqlog-steensgaard-analysis-benchmark/benchmarks/postgresql-9.5.2/initdb.bc>:setup_bin_paths:51	</home/anonymous/eqlog-steensgaard-analysis-benchmark/benchmarks/postgresql-9.5.2/initdb.bc>:setup_bin_paths
</home/anonymous/eqlog-steensgaard-analysis-benchmark/benchmarks/postgresql-9.5.2/initdb.bc>:setup_bin_paths:52	</home/anonymous/eqlog-steensgaard-analysis-benchmark/benchmarks/postgresql-9.5.2/initdb.bc>:setup_bin_paths
</home/anonymous/eqlog-steensgaard-analysis-benchmark/benchmarks/postgresql-9.5.2/initdb.bc>:setup_bin_paths:57	</home/anonymous/eqlog-steensgaard-analysis-benchmark/benchmarks/postgresql-9.5.2/initdb.bc>:setup_bin_paths
</home/anonymous/eqlog-steensgaard-analysis-benchmark/benchmarks/postgresql-9.5.2/initdb.bc>:setup_bin_paths:3	</home/anonymous/eqlog-steensgaard-analysis-benchmark/benchmarks/postgresql-9.5.2/initdb.bc>:setup_bin_paths
</home/anonymous/eqlog-steensgaard-analysis-benchmark/benchmarks/postgresql-9.5.2/initdb.bc>:setup_bin_paths:6	</home/anonymous/eqlog-steensgaard-analysis-benchmark/benchmarks/postgresql-9.5.2/initdb.bc>:setup_bin_paths
</home/anonymous/eqlog-steensgaard-analysis-benchmark/benchmarks/postgresql-9.5.2/initdb.bc>:setup_bin_paths:8	</home/anonymous/eqlog-steensgaard-analysis-benchmark/benchmarks/postgresql-9.5.2/initdb.bc>:setup_bin_paths
</home/anonymous/eqlog-steensgaard-analysis-benchmark/benchmarks/postgresql-9.5.2/initdb.bc>:setup_bin_paths:13	</home/anonymous/eqlog-steensgaard-analysis-benchmark/benchmarks/postgresql-9.5.2/initdb.bc>:setup_bin_paths
</home/anonymous/eqlog-steensgaard-analysis-benchmark/benchmarks/postgresql-9.5.2/initdb.bc>:setup_bin_paths:17	</home/anonymous/eqlog-steensgaard-analysis-benchmark/benchmarks/postgresql-9.5.2/initdb.bc>:setup_bin_paths
</home/anonymous/eqlog-steensgaard-analysis-benchmark/benchmarks/postgresql-9.5.2/initdb.bc>:setup_bin_paths:20	</home/anonymous/eqlog-steensgaard-analysis-benchmark/benchmarks/postgresql-9.5.2/initdb.bc>:setup_bin_paths
</home/anonymous/eqlog-steensgaard-analysis-benchmark/benchmarks/postgresql-9.5.2/initdb.bc>:setup_bin_paths:25	</home/anonymous/eqlog-steensgaard-analysis-benchmark/benchmarks/postgresql-9.5.2/initdb.bc>:setup_bin_paths
</home/anonymous/eqlog-steensgaard-analysis-benchmark/benchmarks/postgresql-9.5.2/initdb.bc>:setup_bin_paths:30	</home/anonymous/eqlog-steensgaard-analysis-benchmark/benchmarks/postgresql-9.5.2/initdb.bc>:setup_bin_paths
</home/anonymous/eqlog-steensgaard-analysis-benchmark/benchmarks/postgresql-9.5.2/initdb.bc>:setup_bin_paths:32	</home/anonymous/eqlog-steensgaard-analysis-benchmark/benchmarks/postgresql-9.5.2/initdb.bc>:setup_bin_paths
</home/anonymous/eqlog-steensgaard-analysis-benchmark/benchmarks/postgresql-9.5.2/initdb.bc>:setup_bin_paths:35	</home/anonymous/eqlog-steensgaard-analysis-benchmark/benchmarks/postgresql-9.5.2/initdb.bc>:setup_bin_paths
</home/anonymous/eqlog-steensgaard-analysis-benchmark/benchmarks/postgresql-9.5.2/initdb.bc>:setup_bin_paths:39	</home/anonymous/eqlog-steensgaard-analysis-benchmark/benchmarks/postgresql-9.5.2/initdb.bc>:setup_bin_paths
</home/anonymous/eqlog-steensgaard-analysis-benchmark/benchmarks/postgresql-9.5.2/initdb.bc>:setup_bin_paths:41	</home/anonymous/eqlog-steensgaard-analysis-benchmark/benchmarks/postgresql-9.5.2/initdb.bc>:setup_bin_paths
</home/anonymous/eqlog-steensgaard-analysis-benchmark/benchmarks/postgresql-9.5.2/initdb.bc>:setup_bin_paths:44	</home/anonymous/eqlog-steensgaard-analysis-benchmark/benchmarks/postgresql-9.5.2/initdb.bc>:setup_bin_paths
</home/anonymous/eqlog-steensgaard-analysis-benchmark/benchmarks/postgresql-9.5.2/initdb.bc>:setup_bin_paths:50	</home/anonymous/eqlog-steensgaard-analysis-benchmark/benchmarks/postgresql-9.5.2/initdb.bc>:setup_bin_paths
</home/anonymous/eqlog-steensgaard-analysis-benchmark/benchmarks/postgresql-9.5.2/initdb.bc>:setup_bin_paths:55	</home/anonymous/eqlog-steensgaard-analysis-benchmark/benchmarks/postgresql-9.5.2/initdb.bc>:setup_bin_paths
</home/anonymous/eqlog-steensgaard-analysis-benchmark/benchmarks/postgresql-9.5.2/initdb.bc>:setup_bin_paths:56	</home/anonymous/eqlog-steensgaard-analysis-benchmark/benchmarks/postgresql-9.5.2/initdb.bc>:setup_bin_paths
</home/anonymous/eqlog-steensgaard-analysis-benchmark/benchmarks/postgresql-9.5.2/initdb.bc>:setup_bin_paths:59	</home/anonymous/eqlog-steensgaard-analysis-benchmark/benchmarks/postgresql-9.5.2/initdb.bc>:setup_bin_paths
</home/anonymous/eqlog-steensgaard-analysis-benchmark/benchmarks/postgresql-9.5.2/initdb.bc>:setup_locale_encoding:2	</home/anonymous/eqlog-steensgaard-analysis-benchmark/benchmarks/postgresql-9.5.2/initdb.bc>:setup_locale_encoding
</home/anonymous/eqlog-steensgaard-analysis-benchmark/benchmarks/postgresql-9.5.2/initdb.bc>:setup_locale_encoding:5	</home/anonymous/eqlog-steensgaard-analysis-benchmark/benchmarks/postgresql-9.5.2/initdb.bc>:setup_locale_encoding
</home/anonymous/eqlog-steensgaard-analysis-benchmark/benchmarks/postgresql-9.5.2/initdb.bc>:setup_locale_encoding:10	</home/anonymous/eqlog-steensgaard-analysis-benchmark/benchmarks/postgresql-9.5.2/initdb.bc>:setup_locale_encoding
</home/anonymous/eqlog-steensgaard-analysis-benchmark/benchmarks/postgresql-9.5.2/initdb.bc>:setup_locale_encoding:15	</home/anonymous/eqlog-steensgaard-analysis-benchmark/benchmarks/postgresql-9.5.2/initdb.bc>:setup_locale_encoding
