</home/anonymous/eqlog-steensgaard-analysis-benchmark/benchmarks/postgresql-9.5.2/initdb.bc>:walkdir:79	</home/anonymous/eqlog-steensgaard-analysis-benchmark/benchmarks/postgresql-9.5.2/initdb.bc>:walkdir:%17
</home/anonymous/eqlog-steensgaard-analysis-benchmark/benchmarks/postgresql-9.5.2/initdb.bc>:walkdir:108	</home/anonymous/eqlog-steensgaard-analysis-benchmark/benchmarks/postgresql-9.5.2/initdb.bc>:walkdir:%26
</home/anonymous/eqlog-steensgaard-analysis-benchmark/benchmarks/postgresql-9.5.2/initdb.bc>:setup_pgdata:34	</home/anonymous/eqlog-steensgaard-analysis-benchmark/benchmarks/postgresql-9.5.2/initdb.bc>:setup_pgdata:%call10
</home/anonymous/eqlog-steensgaard-analysis-benchmark/benchmarks/postgresql-9.5.2/initdb.bc>:setup_pgdata:30	</home/anonymous/eqlog-steensgaard-analysis-benchmark/benchmarks/postgresql-9.5.2/initdb.bc>:setup_pgdata:%8
</home/anonymous/eqlog-steensgaard-analysis-benchmark/benchmarks/postgresql-9.5.2/initdb.bc>:setup_pgdata:28	</home/anonymous/eqlog-steensgaard-analysis-benchmark/benchmarks/postgresql-9.5.2/initdb.bc>:setup_pgdata:%7
</home/anonymous/eqlog-steensgaard-analysis-benchmark/benchmarks/postgresql-9.5.2/initdb.bc>:setup_pgdata:21	</home/anonymous/eqlog-steensgaard-analysis-benchmark/benchmarks/postgresql-9.5.2/initdb.bc>:setup_pgdata:%call6
</home/anonymous/eqlog-steensgaard-analysis-benchmark/benchmarks/postgresql-9.5.2/initdb.bc>:setup_pgdata:20	</home/anonymous/eqlog-steensgaard-analysis-benchmark/benchmarks/postgresql-9.5.2/initdb.bc>:setup_pgdata:%5
</home/anonymous/eqlog-steensgaard-analysis-benchmark/benchmarks/postgresql-9.5.2/initdb.bc>:setup_pgdata:16	</home/anonymous/eqlog-steensgaard-analysis-benchmark/benchmarks/postgresql-9.5.2/initdb.bc>:setup_pgdata:%call5
</home/anonymous/eqlog-steensgaard-analysis-benchmark/benchmarks/postgresql-9.5.2/initdb.bc>:setup_pgdata:26	</home/anonymous/eqlog-steensgaard-analysis-benchmark/benchmarks/postgresql-9.5.2/initdb.bc>:setup_pgdata:%call8
</home/anonymous/eqlog-steensgaard-analysis-benchmark/benchmarks/postgresql-9.5.2/initdb.bc>:setup_pgdata:13	</home/anonymous/eqlog-steensgaard-analysis-benchmark/benchmarks/postgresql-9.5.2/initdb.bc>:setup_pgdata:%tobool3
</home/anonymous/eqlog-steensgaard-analysis-benchmark/benchmarks/postgresql-9.5.2/initdb.bc>:setup_pgdata:15	</home/anonymous/eqlog-steensgaard-analysis-benchmark/benchmarks/postgresql-9.5.2/initdb.bc>:setup_pgdata:%3
</home/anonymous/eqlog-steensgaard-analysis-benchmark/benchmarks/postgresql-9.5.2/initdb.bc>:setup_pgdata:11	</home/anonymous/eqlog-steensgaard-analysis-benchmark/benchmarks/postgresql-9.5.2/initdb.bc>:setup_pgdata:%2
</home/anonymous/eqlog-steensgaard-analysis-benchmark/benchmarks/postgresql-9.5.2/initdb.bc>:setup_pgdata:9	</home/anonymous/eqlog-steensgaard-analysis-benchmark/benchmarks/postgresql-9.5.2/initdb.bc>:setup_pgdata:%tobool
</home/anonymous/eqlog-steensgaard-analysis-benchmark/benchmarks/postgresql-9.5.2/initdb.bc>:setup_pgdata:8	</home/anonymous/eqlog-steensgaard-analysis-benchmark/benchmarks/postgresql-9.5.2/initdb.bc>:setup_pgdata:%1
</home/anonymous/eqlog-steensgaard-analysis-benchmark/benchmarks/postgresql-9.5.2/initdb.bc>:setup_pgdata:33	</home/anonymous/eqlog-steensgaard-analysis-benchmark/benchmarks/postgresql-9.5.2/initdb.bc>:setup_pgdata:%9
</home/anonymous/eqlog-steensgaard-analysis-benchmark/benchmarks/postgresql-9.5.2/initdb.bc>:setup_pgdata:19	</home/anonymous/eqlog-steensgaard-analysis-benchmark/benchmarks/postgresql-9.5.2/initdb.bc>:setup_pgdata:%4
</home/anonymous/eqlog-steensgaard-analysis-benchmark/benchmarks/postgresql-9.5.2/initdb.bc>:setup_pgdata:12	</home/anonymous/eqlog-steensgaard-analysis-benchmark/benchmarks/postgresql-9.5.2/initdb.bc>:setup_pgdata:%call2
</home/anonymous/eqlog-steensgaard-analysis-benchmark/benchmarks/postgresql-9.5.2/initdb.bc>:setup_pgdata:31	</home/anonymous/eqlog-steensgaard-analysis-benchmark/benchmarks/postgresql-9.5.2/initdb.bc>:setup_pgdata:%call9
</home/anonymous/eqlog-steensgaard-analysis-benchmark/benchmarks/postgresql-9.5.2/initdb.bc>:setup_pgdata:6	</home/anonymous/eqlog-steensgaard-analysis-benchmark/benchmarks/postgresql-9.5.2/initdb.bc>:setup_pgdata:%call1
</home/anonymous/eqlog-steensgaard-analysis-benchmark/benchmarks/postgresql-9.5.2/initdb.bc>:setup_pgdata:3	</home/anonymous/eqlog-steensgaard-analysis-benchmark/benchmarks/postgresql-9.5.2/initdb.bc>:setup_pgdata:%call
</home/anonymous/eqlog-steensgaard-analysis-benchmark/benchmarks/postgresql-9.5.2/initdb.bc>:setup_pgdata:1	</home/anonymous/eqlog-steensgaard-analysis-benchmark/benchmarks/postgresql-9.5.2/initdb.bc>:setup_pgdata:%pgdata_set_env
</home/anonymous/eqlog-steensgaard-analysis-benchmark/benchmarks/postgresql-9.5.2/initdb.bc>:setup_pgdata:2	</home/anonymous/eqlog-steensgaard-analysis-benchmark/benchmarks/postgresql-9.5.2/initdb.bc>:setup_pgdata:%0
</home/anonymous/eqlog-steensgaard-analysis-benchmark/benchmarks/postgresql-9.5.2/initdb.bc>:setup_pgdata:25	</home/anonymous/eqlog-steensgaard-analysis-benchmark/benchmarks/postgresql-9.5.2/initdb.bc>:setup_pgdata:%6
</home/anonymous/eqlog-steensgaard-analysis-benchmark/benchmarks/postgresql-9.5.2/initdb.bc>:setup_pgdata:0	</home/anonymous/eqlog-steensgaard-analysis-benchmark/benchmarks/postgresql-9.5.2/initdb.bc>:setup_pgdata:%pgdata_get_env
</home/anonymous/eqlog-steensgaard-analysis-benchmark/benchmarks/postgresql-9.5.2/initdb.bc>:setup_pgdata:4	</home/anonymous/eqlog-steensgaard-analysis-benchmark/benchmarks/postgresql-9.5.2/initdb.bc>:setup_pgdata:%cmp
</home/anonymous/eqlog-steensgaard-analysis-benchmark/benchmarks/postgresql-9.5.2/initdb.bc>:setup_bin_paths:53	</home/anonymous/eqlog-steensgaard-analysis-benchmark/benchmarks/postgresql-9.5.2/initdb.bc>:setup_bin_paths:%call22
</home/anonymous/eqlog-steensgaard-analysis-benchmark/benchmarks/postgresql-9.5.2/initdb.bc>:setup_bin_paths:49	</home/anonymous/eqlog-steensgaard-analysis-benchmark/benchmarks/postgresql-9.5.2/initdb.bc>:setup_bin_paths:%cmp19
</home/anonymous/eqlog-steensgaard-analysis-benchmark/benchmarks/postgresql-9.5.2/initdb.bc>:setup_bin_paths:48	</home/anonymous/eqlog-steensgaard-analysis-benchmark/benchmarks/postgresql-9.5.2/initdb.bc>:setup_bin_paths:%conv
</home/anonymous/eqlog-steensgaard-analysis-benchmark/benchmarks/postgresql-9.5.2/initdb.bc>:setup_bin_paths:46	</home/anonymous/eqlog-steensgaard-analysis-benchmark/benchmarks/postgresql-9.5.2/initdb.bc>:setup_bin_paths:%arrayidx
</home/anonymous/eqlog-steensgaard-analysis-benchmark/benchmarks/postgresql-9.5.2/initdb.bc>:setup_bin_paths:42	</home/anonymous/eqlog-steensgaard-analysis-benchmark/benchmarks/postgresql-9.5.2/initdb.bc>:setup_bin_paths:%9
</home/anonymous/eqlog-steensgaard-analysis-benchmark/benchmarks/postgresql-9.5.2/initdb.bc>:setup_bin_paths:38	</home/anonymous/eqlog-steensgaard-analysis-benchmark/benchmarks/postgresql-9.5.2/initdb.bc>:setup_bin_paths:%tobool
</home/anonymous/eqlog-steensgaard-analysis-benchmark/benchmarks/postgresql-9.5.2/initdb.bc>:setup_bin_paths:40	</home/anonymous/eqlog-steensgaard-analysis-benchmark/benchmarks/postgresql-9.5.2/initdb.bc>:setup_bin_paths:%call17
</home/anonymous/eqlog-steensgaard-analysis-benchmark/benchmarks/postgresql-9.5.2/initdb.bc>:setup_bin_paths:37	</home/anonymous/eqlog-steensgaard-analysis-benchmark/benchmarks/postgresql-9.5.2/initdb.bc>:setup_bin_paths:%8
</home/anonymous/eqlog-steensgaard-analysis-benchmark/benchmarks/postgresql-9.5.2/initdb.bc>:setup_bin_paths:34	</home/anonymous/eqlog-steensgaard-analysis-benchmark/benchmarks/postgresql-9.5.2/initdb.bc>:setup_bin_paths:%call15
</home/anonymous/eqlog-steensgaard-analysis-benchmark/benchmarks/postgresql-9.5.2/initdb.bc>:setup_bin_paths:45	</home/anonymous/eqlog-steensgaard-analysis-benchmark/benchmarks/postgresql-9.5.2/initdb.bc>:setup_bin_paths:%10
</home/anonymous/eqlog-steensgaard-analysis-benchmark/benchmarks/postgresql-9.5.2/initdb.bc>:setup_bin_paths:29	</home/anonymous/eqlog-steensgaard-analysis-benchmark/benchmarks/postgresql-9.5.2/initdb.bc>:setup_bin_paths:%call11
</home/anonymous/eqlog-steensgaard-analysis-benchmark/benchmarks/postgresql-9.5.2/initdb.bc>:setup_bin_paths:33	</home/anonymous/eqlog-steensgaard-analysis-benchmark/benchmarks/postgresql-9.5.2/initdb.bc>:setup_bin_paths:%call14
</home/anonymous/eqlog-steensgaard-analysis-benchmark/benchmarks/postgresql-9.5.2/initdb.bc>:setup_bin_paths:26	</home/anonymous/eqlog-steensgaard-analysis-benchmark/benchmarks/postgresql-9.5.2/initdb.bc>:setup_bin_paths:%6
</home/anonymous/eqlog-steensgaard-analysis-benchmark/benchmarks/postgresql-9.5.2/initdb.bc>:setup_bin_paths:27	</home/anonymous/eqlog-steensgaard-analysis-benchmark/benchmarks/postgresql-9.5.2/initdb.bc>:setup_bin_paths:%arraydecay10
</home/anonymous/eqlog-steensgaard-analysis-benchmark/benchmarks/postgresql-9.5.2/initdb.bc>:setup_bin_paths:23	</home/anonymous/eqlog-steensgaard-analysis-benchmark/benchmarks/postgresql-9.5.2/initdb.bc>:setup_bin_paths:%arraydecay8
</home/anonymous/eqlog-steensgaard-analysis-benchmark/benchmarks/postgresql-9.5.2/initdb.bc>:setup_bin_paths:24	</home/anonymous/eqlog-steensgaard-analysis-benchmark/benchmarks/postgresql-9.5.2/initdb.bc>:setup_bin_paths:%call9
</home/anonymous/eqlog-steensgaard-analysis-benchmark/benchmarks/postgresql-9.5.2/initdb.bc>:setup_bin_paths:19	</home/anonymous/eqlog-steensgaard-analysis-benchmark/benchmarks/postgresql-9.5.2/initdb.bc>:setup_bin_paths:%cmp6
</home/anonymous/eqlog-steensgaard-analysis-benchmark/benchmarks/postgresql-9.5.2/initdb.bc>:setup_bin_paths:18	</home/anonymous/eqlog-steensgaard-analysis-benchmark/benchmarks/postgresql-9.5.2/initdb.bc>:setup_bin_paths:%3
</home/anonymous/eqlog-steensgaard-analysis-benchmark/benchmarks/postgresql-9.5.2/initdb.bc>:setup_bin_paths:57	</home/anonymous/eqlog-steensgaard-analysis-benchmark/benchmarks/postgresql-9.5.2/initdb.bc>:setup_bin_paths:%14
</home/anonymous/eqlog-steensgaard-analysis-benchmark/benchmarks/postgresql-9.5.2/initdb.bc>:setup_bin_paths:14	</home/anonymous/eqlog-steensgaard-analysis-benchmark/benchmarks/postgresql-9.5.2/initdb.bc>:setup_bin_paths:%arraydecay4
</home/anonymous/eqlog-steensgaard-analysis-benchmark/benchmarks/postgresql-9.5.2/initdb.bc>:setup_bin_paths:16	</home/anonymous/eqlog-steensgaard-analysis-benchmark/benchmarks/postgresql-9.5.2/initdb.bc>:setup_bin_paths:%call5
</home/anonymous/eqlog-steensgaard-analysis-benchmark/benchmarks/postgresql-9.5.2/initdb.bc>:setup_bin_paths:12	</home/anonymous/eqlog-steensgaard-analysis-benchmark/benchmarks/postgresql-9.5.2/initdb.bc>:setup_bin_paths:%cmp2
</home/anonymous/eqlog-steensgaard-analysis-benchmark/benchmarks/postgresql-9.5.2/initdb.bc>:setup_bin_paths:11	</home/anonymous/eqlog-steensgaard-analysis-benchmark/benchmarks/postgresql-9.5.2/initdb.bc>:setup_bin_paths:%call1
</home/anonymous/eqlog-steensgaard-analysis-benchmark/benchmarks/postgresql-9.5.2/initdb.bc>:setup_bin_paths:10	</home/anonymous/eqlog-steensgaard-analysis-benchmark/benchmarks/postgresql-9.5.2/initdb.bc>:setup_bin_paths:%arraydecay
</home/anonymous/eqlog-steensgaard-analysis-benchmark/benchmarks/postgresql-9.5.2/initdb.bc>:setup_bin_paths:28	</home/anonymous/eqlog-steensgaard-analysis-benchmark/benchmarks/postgresql-9.5.2/initdb.bc>:setup_bin_paths:%7
</home/anonymous/eqlog-steensgaard-analysis-benchmark/benchmarks/postgresql-9.5.2/initdb.bc>:setup_bin_paths:9	</home/anonymous/eqlog-steensgaard-analysis-benchmark/benchmarks/postgresql-9.5.2/initdb.bc>:setup_bin_paths:%1
</home/anonymous/eqlog-steensgaard-analysis-benchmark/benchmarks/postgresql-9.5.2/initdb.bc>:setup_bin_paths:22	</home/anonymous/eqlog-steensgaard-analysis-benchmark/benchmarks/postgresql-9.5.2/initdb.bc>:setup_bin_paths:%5
</home/anonymous/eqlog-steensgaard-analysis-benchmark/benchmarks/postgresql-9.5.2/initdb.bc>:setup_bin_paths:52	</home/anonymous/eqlog-steensgaard-analysis-benchmark/benchmarks/postgresql-9.5.2/initdb.bc>:setup_bin_paths:%13
</home/anonymous/eqlog-steensgaard-analysis-benchmark/benchmarks/postgresql-9.5.2/initdb.bc>:setup_bin_paths:5	</home/anonymous/eqlog-steensgaard-analysis-benchmark/benchmarks/postgresql-9.5.2/initdb.bc>:setup_bin_paths:%call
</home/anonymous/eqlog-steensgaard-analysis-benchmark/benchmarks/postgresql-9.5.2/initdb.bc>:setup_bin_paths:15	</home/anonymous/eqlog-steensgaard-analysis-benchmark/benchmarks/postgresql-9.5.2/initdb.bc>:setup_bin_paths:%2
</home/anonymous/eqlog-steensgaard-analysis-benchmark/benchmarks/postgresql-9.5.2/initdb.bc>:setup_bin_paths:51	</home/anonymous/eqlog-steensgaard-analysis-benchmark/benchmarks/postgresql-9.5.2/initdb.bc>:setup_bin_paths:%12
</home/anonymous/eqlog-steensgaard-analysis-benchmark/benchmarks/postgresql-9.5.2/initdb.bc>:setup_bin_paths:47	</home/anonymous/eqlog-steensgaard-analysis-benchmark/benchmarks/postgresql-9.5.2/initdb.bc>:setup_bin_paths:%11
</home/anonymous/eqlog-steensgaard-analysis-benchmark/benchmarks/postgresql-9.5.2/initdb.bc>:setup_bin_paths:2	</home/anonymous/eqlog-steensgaard-analysis-benchmark/benchmarks/postgresql-9.5.2/initdb.bc>:setup_bin_paths:%full_path
</home/anonymous/eqlog-steensgaard-analysis-benchmark/benchmarks/postgresql-9.5.2/initdb.bc>:setup_bin_paths:1	</home/anonymous/eqlog-steensgaard-analysis-benchmark/benchmarks/postgresql-9.5.2/initdb.bc>:setup_bin_paths:%ret
</home/anonymous/eqlog-steensgaard-analysis-benchmark/benchmarks/postgresql-9.5.2/initdb.bc>:setup_bin_paths:0	</home/anonymous/eqlog-steensgaard-analysis-benchmark/benchmarks/postgresql-9.5.2/initdb.bc>:setup_bin_paths:%argv0.addr
</home/anonymous/eqlog-steensgaard-analysis-benchmark/benchmarks/postgresql-9.5.2/initdb.bc>:setup_bin_paths:21	</home/anonymous/eqlog-steensgaard-analysis-benchmark/benchmarks/postgresql-9.5.2/initdb.bc>:setup_bin_paths:%4
</home/anonymous/eqlog-steensgaard-analysis-benchmark/benchmarks/postgresql-9.5.2/initdb.bc>:setup_bin_paths:4	</home/anonymous/eqlog-steensgaard-analysis-benchmark/benchmarks/postgresql-9.5.2/initdb.bc>:setup_bin_paths:%0
</home/anonymous/eqlog-steensgaard-analysis-benchmark/benchmarks/postgresql-9.5.2/initdb.bc>:setup_bin_paths:7	</home/anonymous/eqlog-steensgaard-analysis-benchmark/benchmarks/postgresql-9.5.2/initdb.bc>:setup_bin_paths:%cmp
</home/anonymous/eqlog-steensgaard-analysis-benchmark/benchmarks/postgresql-9.5.2/initdb.bc>:setup_locale_encoding:100	</home/anonymous/eqlog-steensgaard-analysis-benchmark/benchmarks/postgresql-9.5.2/initdb.bc>:setup_locale_encoding:%42
</home/anonymous/eqlog-steensgaard-analysis-benchmark/benchmarks/postgresql-9.5.2/initdb.bc>:setup_locale_encoding:97	</home/anonymous/eqlog-steensgaard-analysis-benchmark/benchmarks/postgresql-9.5.2/initdb.bc>:setup_locale_encoding:%tobool41
</home/anonymous/eqlog-steensgaard-analysis-benchmark/benchmarks/postgresql-9.5.2/initdb.bc>:setup_locale_encoding:96	</home/anonymous/eqlog-steensgaard-analysis-benchmark/benchmarks/postgresql-9.5.2/initdb.bc>:setup_locale_encoding:%call40
</home/anonymous/eqlog-steensgaard-analysis-benchmark/benchmarks/postgresql-9.5.2/initdb.bc>:setup_locale_encoding:92	</home/anonymous/eqlog-steensgaard-analysis-benchmark/benchmarks/postgresql-9.5.2/initdb.bc>:setup_locale_encoding:%call39
</home/anonymous/eqlog-steensgaard-analysis-benchmark/benchmarks/postgresql-9.5.2/initdb.bc>:setup_locale_encoding:88	</home/anonymous/eqlog-steensgaard-analysis-benchmark/benchmarks/postgresql-9.5.2/initdb.bc>:setup_locale_encoding:%call37
</home/anonymous/eqlog-steensgaard-analysis-benchmark/benchmarks/postgresql-9.5.2/initdb.bc>:setup_locale_encoding:87	</home/anonymous/eqlog-steensgaard-analysis-benchmark/benchmarks/postgresql-9.5.2/initdb.bc>:setup_locale_encoding:%37
</home/anonymous/eqlog-steensgaard-analysis-benchmark/benchmarks/postgresql-9.5.2/initdb.bc>:setup_locale_encoding:83	</home/anonymous/eqlog-steensgaard-analysis-benchmark/benchmarks/postgresql-9.5.2/initdb.bc>:setup_locale_encoding:%call33
</home/anonymous/eqlog-steensgaard-analysis-benchmark/benchmarks/postgresql-9.5.2/initdb.bc>:setup_locale_encoding:81	</home/anonymous/eqlog-steensgaard-analysis-benchmark/benchmarks/postgresql-9.5.2/initdb.bc>:setup_locale_encoding:%36
</home/anonymous/eqlog-steensgaard-analysis-benchmark/benchmarks/postgresql-9.5.2/initdb.bc>:setup_locale_encoding:78	</home/anonymous/eqlog-steensgaard-analysis-benchmark/benchmarks/postgresql-9.5.2/initdb.bc>:setup_locale_encoding:%35
</home/anonymous/eqlog-steensgaard-analysis-benchmark/benchmarks/postgresql-9.5.2/initdb.bc>:setup_locale_encoding:74	</home/anonymous/eqlog-steensgaard-analysis-benchmark/benchmarks/postgresql-9.5.2/initdb.bc>:setup_locale_encoding:%34
</home/anonymous/eqlog-steensgaard-analysis-benchmark/benchmarks/postgresql-9.5.2/initdb.bc>:setup_locale_encoding:73	</home/anonymous/eqlog-steensgaard-analysis-benchmark/benchmarks/postgresql-9.5.2/initdb.bc>:setup_locale_encoding:%call28
</home/anonymous/eqlog-steensgaard-analysis-benchmark/benchmarks/postgresql-9.5.2/initdb.bc>:setup_locale_encoding:69	</home/anonymous/eqlog-steensgaard-analysis-benchmark/benchmarks/postgresql-9.5.2/initdb.bc>:setup_locale_encoding:%call26
</home/anonymous/eqlog-steensgaard-analysis-benchmark/benchmarks/postgresql-9.5.2/initdb.bc>:setup_locale_encoding:68	</home/anonymous/eqlog-steensgaard-analysis-benchmark/benchmarks/postgresql-9.5.2/initdb.bc>:setup_locale_encoding:%31
</home/anonymous/eqlog-steensgaard-analysis-benchmark/benchmarks/postgresql-9.5.2/initdb.bc>:setup_locale_encoding:67	</home/anonymous/eqlog-steensgaard-analysis-benchmark/benchmarks/postgresql-9.5.2/initdb.bc>:setup_locale_encoding:%30
</home/anonymous/eqlog-steensgaard-analysis-benchmark/benchmarks/postgresql-9.5.2/initdb.bc>:setup_locale_encoding:66	</home/anonymous/eqlog-steensgaard-analysis-benchmark/benchmarks/postgresql-9.5.2/initdb.bc>:setup_locale_encoding:%29
</home/anonymous/eqlog-steensgaard-analysis-benchmark/benchmarks/postgresql-9.5.2/initdb.bc>:setup_locale_encoding:57	</home/anonymous/eqlog-steensgaard-analysis-benchmark/benchmarks/postgresql-9.5.2/initdb.bc>:setup_locale_encoding:%26
</home/anonymous/eqlog-steensgaard-analysis-benchmark/benchmarks/postgresql-9.5.2/initdb.bc>:setup_locale_encoding:56	</home/anonymous/eqlog-steensgaard-analysis-benchmark/benchmarks/postgresql-9.5.2/initdb.bc>:setup_locale_encoding:%25
</home/anonymous/eqlog-steensgaard-analysis-benchmark/benchmarks/postgresql-9.5.2/initdb.bc>:setup_locale_encoding:52	</home/anonymous/eqlog-steensgaard-analysis-benchmark/benchmarks/postgresql-9.5.2/initdb.bc>:setup_locale_encoding:%call20
</home/anonymous/eqlog-steensgaard-analysis-benchmark/benchmarks/postgresql-9.5.2/initdb.bc>:setup_locale_encoding:51	</home/anonymous/eqlog-steensgaard-analysis-benchmark/benchmarks/postgresql-9.5.2/initdb.bc>:setup_locale_encoding:%22
</home/anonymous/eqlog-steensgaard-analysis-benchmark/benchmarks/postgresql-9.5.2/initdb.bc>:setup_locale_encoding:63	</home/anonymous/eqlog-steensgaard-analysis-benchmark/benchmarks/postgresql-9.5.2/initdb.bc>:setup_locale_encoding:%tobool
</home/anonymous/eqlog-steensgaard-analysis-benchmark/benchmarks/postgresql-9.5.2/initdb.bc>:setup_locale_encoding:47	</home/anonymous/eqlog-steensgaard-analysis-benchmark/benchmarks/postgresql-9.5.2/initdb.bc>:setup_locale_encoding:%cmp18
</home/anonymous/eqlog-steensgaard-analysis-benchmark/benchmarks/postgresql-9.5.2/initdb.bc>:setup_locale_encoding:43	</home/anonymous/eqlog-steensgaard-analysis-benchmark/benchmarks/postgresql-9.5.2/initdb.bc>:setup_locale_encoding:%18
</home/anonymous/eqlog-steensgaard-analysis-benchmark/benchmarks/postgresql-9.5.2/initdb.bc>:setup_locale_encoding:54	</home/anonymous/eqlog-steensgaard-analysis-benchmark/benchmarks/postgresql-9.5.2/initdb.bc>:setup_locale_encoding:%24
</home/anonymous/eqlog-steensgaard-analysis-benchmark/benchmarks/postgresql-9.5.2/initdb.bc>:setup_locale_encoding:65	</home/anonymous/eqlog-steensgaard-analysis-benchmark/benchmarks/postgresql-9.5.2/initdb.bc>:setup_locale_encoding:%28
</home/anonymous/eqlog-steensgaard-analysis-benchmark/benchmarks/postgresql-9.5.2/initdb.bc>:setup_locale_encoding:41	</home/anonymous/eqlog-steensgaard-analysis-benchmark/benchmarks/postgresql-9.5.2/initdb.bc>:setup_locale_encoding:%cmp15
</home/anonymous/eqlog-steensgaard-analysis-benchmark/benchmarks/postgresql-9.5.2/initdb.bc>:setup_locale_encoding:40	</home/anonymous/eqlog-steensgaard-analysis-benchmark/benchmarks/postgresql-9.5.2/initdb.bc>:setup_locale_encoding:%call14
</home/anonymous/eqlog-steensgaard-analysis-benchmark/benchmarks/postgresql-9.5.2/initdb.bc>:setup_locale_encoding:61	</home/anonymous/eqlog-steensgaard-analysis-benchmark/benchmarks/postgresql-9.5.2/initdb.bc>:setup_locale_encoding:%27
</home/anonymous/eqlog-steensgaard-analysis-benchmark/benchmarks/postgresql-9.5.2/initdb.bc>:setup_locale_encoding:37	</home/anonymous/eqlog-steensgaard-analysis-benchmark/benchmarks/postgresql-9.5.2/initdb.bc>:setup_locale_encoding:%call13
</home/anonymous/eqlog-steensgaard-analysis-benchmark/benchmarks/postgresql-9.5.2/initdb.bc>:setup_locale_encoding:44	</home/anonymous/eqlog-steensgaard-analysis-benchmark/benchmarks/postgresql-9.5.2/initdb.bc>:setup_locale_encoding:%call17
</home/anonymous/eqlog-steensgaard-analysis-benchmark/benchmarks/postgresql-9.5.2/initdb.bc>:setup_locale_encoding:36	</home/anonymous/eqlog-steensgaard-analysis-benchmark/benchmarks/postgresql-9.5.2/initdb.bc>:setup_locale_encoding:%16
</home/anonymous/eqlog-steensgaard-analysis-benchmark/benchmarks/postgresql-9.5.2/initdb.bc>:setup_locale_encoding:33	</home/anonymous/eqlog-steensgaard-analysis-benchmark/benchmarks/postgresql-9.5.2/initdb.bc>:setup_locale_encoding:%13
</home/anonymous/eqlog-steensgaard-analysis-benchmark/benchmarks/postgresql-9.5.2/initdb.bc>:setup_locale_encoding:31	</home/anonymous/eqlog-steensgaard-analysis-benchmark/benchmarks/postgresql-9.5.2/initdb.bc>:setup_locale_encoding:%11
</home/anonymous/eqlog-steensgaard-analysis-benchmark/benchmarks/postgresql-9.5.2/initdb.bc>:setup_locale_encoding:32	</home/anonymous/eqlog-steensgaard-analysis-benchmark/benchmarks/postgresql-9.5.2/initdb.bc>:setup_locale_encoding:%12
</home/anonymous/eqlog-steensgaard-analysis-benchmark/benchmarks/postgresql-9.5.2/initdb.bc>:setup_locale_encoding:39	</home/anonymous/eqlog-steensgaard-analysis-benchmark/benchmarks/postgresql-9.5.2/initdb.bc>:setup_locale_encoding:%17
</home/anonymous/eqlog-steensgaard-analysis-benchmark/benchmarks/postgresql-9.5.2/initdb.bc>:setup_locale_encoding:102	</home/anonymous/eqlog-steensgaard-analysis-benchmark/benchmarks/postgresql-9.5.2/initdb.bc>:setup_locale_encoding:%tobool43
</home/anonymous/eqlog-steensgaard-analysis-benchmark/benchmarks/postgresql-9.5.2/initdb.bc>:setup_locale_encoding:29	</home/anonymous/eqlog-steensgaard-analysis-benchmark/benchmarks/postgresql-9.5.2/initdb.bc>:setup_locale_encoding:%call12
</home/anonymous/eqlog-steensgaard-analysis-benchmark/benchmarks/postgresql-9.5.2/initdb.bc>:setup_locale_encoding:99	</home/anonymous/eqlog-steensgaard-analysis-benchmark/benchmarks/postgresql-9.5.2/initdb.bc>:setup_locale_encoding:%41
