</home/anonymous/eqlog-steensgaard-analysis-benchmark/benchmarks/postgresql-9.5.2/initdb.bc>:setup_pgdata:2	</home/anonymous/eqlog-steensgaard-analysis-benchmark/benchmarks/postgresql-9.5.2/initdb.bc>:setup_pgdata:2:0:@pg_data
</home/anonymous/eqlog-steensgaard-analysis-benchmark/benchmarks/postgresql-9.5.2/initdb.bc>:setup_pgdata:8	</home/anonymous/eqlog-steensgaard-analysis-benchmark/benchmarks/postgresql-9.5.2/initdb.bc>:setup_pgdata:%pgdata_get_env
</home/anonymous/eqlog-steensgaard-analysis-benchmark/benchmarks/postgresql-9.5.2/initdb.bc>:setup_pgdata:11	</home/anonymous/eqlog-steensgaard-analysis-benchmark/benchmarks/postgresql-9.5.2/initdb.bc>:setup_pgdata:%pgdata_get_env
</home/anonymous/eqlog-steensgaard-analysis-benchmark/benchmarks/postgresql-9.5.2/initdb.bc>:setup_pgdata:15	</home/anonymous/eqlog-steensgaard-analysis-benchmark/benchmarks/postgresql-9.5.2/initdb.bc>:setup_pgdata:%pgdata_get_env
</home/anonymous/eqlog-steensgaard-analysis-benchmark/benchmarks/postgresql-9.5.2/initdb.bc>:setup_pgdata:19	</home/anonymous/eqlog-steensgaard-analysis-benchmark/benchmarks/postgresql-9.5.2/initdb.bc>:setup_pgdata:19:0:@stderr
</home/anonymous/eqlog-steensgaard-analysis-benchmark/benchmarks/postgresql-9.5.2/initdb.bc>:setup_pgdata:20	</home/anonymous/eqlog-steensgaard-analysis-benchmark/benchmarks/postgresql-9.5.2/initdb.bc>:setup_pgdata:20:0:@progname
</home/anonymous/eqlog-steensgaard-analysis-benchmark/benchmarks/postgresql-9.5.2/initdb.bc>:setup_pgdata:25	</home/anonymous/eqlog-steensgaard-analysis-benchmark/benchmarks/postgresql-9.5.2/initdb.bc>:setup_pgdata:25:0:@pg_data
</home/anonymous/eqlog-steensgaard-analysis-benchmark/benchmarks/postgresql-9.5.2/initdb.bc>:setup_pgdata:28	</home/anonymous/eqlog-steensgaard-analysis-benchmark/benchmarks/postgresql-9.5.2/initdb.bc>:setup_pgdata:28:0:@pg_data
</home/anonymous/eqlog-steensgaard-analysis-benchmark/benchmarks/postgresql-9.5.2/initdb.bc>:setup_pgdata:30	</home/anonymous/eqlog-steensgaard-analysis-benchmark/benchmarks/postgresql-9.5.2/initdb.bc>:setup_pgdata:30:0:@pg_data
</home/anonymous/eqlog-steensgaard-analysis-benchmark/benchmarks/postgresql-9.5.2/initdb.bc>:setup_pgdata:33	</home/anonymous/eqlog-steensgaard-analysis-benchmark/benchmarks/postgresql-9.5.2/initdb.bc>:setup_pgdata:%pgdata_set_env
</home/anonymous/eqlog-steensgaard-analysis-benchmark/benchmarks/postgresql-9.5.2/initdb.bc>:setup_bin_paths:4	</home/anonymous/eqlog-steensgaard-analysis-benchmark/benchmarks/postgresql-9.5.2/initdb.bc>:setup_bin_paths:%argv0.addr
</home/anonymous/eqlog-steensgaard-analysis-benchmark/benchmarks/postgresql-9.5.2/initdb.bc>:setup_bin_paths:9	</home/anonymous/eqlog-steensgaard-analysis-benchmark/benchmarks/postgresql-9.5.2/initdb.bc>:setup_bin_paths:%argv0.addr
</home/anonymous/eqlog-steensgaard-analysis-benchmark/benchmarks/postgresql-9.5.2/initdb.bc>:setup_bin_paths:15	</home/anonymous/eqlog-steensgaard-analysis-benchmark/benchmarks/postgresql-9.5.2/initdb.bc>:setup_bin_paths:15:0:@progname
</home/anonymous/eqlog-steensgaard-analysis-benchmark/benchmarks/postgresql-9.5.2/initdb.bc>:setup_bin_paths:18	</home/anonymous/eqlog-steensgaard-analysis-benchmark/benchmarks/postgresql-9.5.2/initdb.bc>:setup_bin_paths:%ret
</home/anonymous/eqlog-steensgaard-analysis-benchmark/benchmarks/postgresql-9.5.2/initdb.bc>:setup_bin_paths:21	</home/anonymous/eqlog-steensgaard-analysis-benchmark/benchmarks/postgresql-9.5.2/initdb.bc>:setup_bin_paths:21:0:@stderr
</home/anonymous/eqlog-steensgaard-analysis-benchmark/benchmarks/postgresql-9.5.2/initdb.bc>:setup_bin_paths:22	</home/anonymous/eqlog-steensgaard-analysis-benchmark/benchmarks/postgresql-9.5.2/initdb.bc>:setup_bin_paths:22:0:@progname
</home/anonymous/eqlog-steensgaard-analysis-benchmark/benchmarks/postgresql-9.5.2/initdb.bc>:setup_bin_paths:26	</home/anonymous/eqlog-steensgaard-analysis-benchmark/benchmarks/postgresql-9.5.2/initdb.bc>:setup_bin_paths:26:0:@stderr
</home/anonymous/eqlog-steensgaard-analysis-benchmark/benchmarks/postgresql-9.5.2/initdb.bc>:setup_bin_paths:28	</home/anonymous/eqlog-steensgaard-analysis-benchmark/benchmarks/postgresql-9.5.2/initdb.bc>:setup_bin_paths:28:0:@progname
</home/anonymous/eqlog-steensgaard-analysis-benchmark/benchmarks/postgresql-9.5.2/initdb.bc>:setup_bin_paths:37	</home/anonymous/eqlog-steensgaard-analysis-benchmark/benchmarks/postgresql-9.5.2/initdb.bc>:setup_bin_paths:37:0:@share_path
</home/anonymous/eqlog-steensgaard-analysis-benchmark/benchmarks/postgresql-9.5.2/initdb.bc>:setup_bin_paths:42	</home/anonymous/eqlog-steensgaard-analysis-benchmark/benchmarks/postgresql-9.5.2/initdb.bc>:setup_bin_paths:42:0:@share_path
</home/anonymous/eqlog-steensgaard-analysis-benchmark/benchmarks/postgresql-9.5.2/initdb.bc>:setup_bin_paths:45	</home/anonymous/eqlog-steensgaard-analysis-benchmark/benchmarks/postgresql-9.5.2/initdb.bc>:setup_bin_paths:45:0:@share_path
</home/anonymous/eqlog-steensgaard-analysis-benchmark/benchmarks/postgresql-9.5.2/initdb.bc>:setup_bin_paths:47	</home/anonymous/eqlog-steensgaard-analysis-benchmark/benchmarks/postgresql-9.5.2/initdb.bc>:setup_bin_paths:%arrayidx
</home/anonymous/eqlog-steensgaard-analysis-benchmark/benchmarks/postgresql-9.5.2/initdb.bc>:setup_bin_paths:51	</home/anonymous/eqlog-steensgaard-analysis-benchmark/benchmarks/postgresql-9.5.2/initdb.bc>:setup_bin_paths:51:0:@stderr
</home/anonymous/eqlog-steensgaard-analysis-benchmark/benchmarks/postgresql-9.5.2/initdb.bc>:setup_bin_paths:52	</home/anonymous/eqlog-steensgaard-analysis-benchmark/benchmarks/postgresql-9.5.2/initdb.bc>:setup_bin_paths:52:0:@progname
</home/anonymous/eqlog-steensgaard-analysis-benchmark/benchmarks/postgresql-9.5.2/initdb.bc>:setup_bin_paths:57	</home/anonymous/eqlog-steensgaard-analysis-benchmark/benchmarks/postgresql-9.5.2/initdb.bc>:setup_bin_paths:57:0:@share_path
</home/anonymous/eqlog-steensgaard-analysis-benchmark/benchmarks/postgresql-9.5.2/initdb.bc>:setup_locale_encoding:3	</home/anonymous/eqlog-steensgaard-analysis-benchmark/benchmarks/postgresql-9.5.2/initdb.bc>:setup_locale_encoding:3:0:@lc_ctype
</home/anonymous/eqlog-steensgaard-analysis-benchmark/benchmarks/postgresql-9.5.2/initdb.bc>:setup_locale_encoding:4	</home/anonymous/eqlog-steensgaard-analysis-benchmark/benchmarks/postgresql-9.5.2/initdb.bc>:setup_locale_encoding:4:0:@lc_collate
</home/anonymous/eqlog-steensgaard-analysis-benchmark/benchmarks/postgresql-9.5.2/initdb.bc>:setup_locale_encoding:8	</home/anonymous/eqlog-steensgaard-analysis-benchmark/benchmarks/postgresql-9.5.2/initdb.bc>:setup_locale_encoding:8:0:@lc_ctype
</home/anonymous/eqlog-steensgaard-analysis-benchmark/benchmarks/postgresql-9.5.2/initdb.bc>:setup_locale_encoding:9	</home/anonymous/eqlog-steensgaard-analysis-benchmark/benchmarks/postgresql-9.5.2/initdb.bc>:setup_locale_encoding:9:0:@lc_time
</home/anonymous/eqlog-steensgaard-analysis-benchmark/benchmarks/postgresql-9.5.2/initdb.bc>:setup_locale_encoding:13	</home/anonymous/eqlog-steensgaard-analysis-benchmark/benchmarks/postgresql-9.5.2/initdb.bc>:setup_locale_encoding:13:0:@lc_ctype
</home/anonymous/eqlog-steensgaard-analysis-benchmark/benchmarks/postgresql-9.5.2/initdb.bc>:setup_locale_encoding:14	</home/anonymous/eqlog-steensgaard-analysis-benchmark/benchmarks/postgresql-9.5.2/initdb.bc>:setup_locale_encoding:14:0:@lc_numeric
</home/anonymous/eqlog-steensgaard-analysis-benchmark/benchmarks/postgresql-9.5.2/initdb.bc>:setup_locale_encoding:18	</home/anonymous/eqlog-steensgaard-analysis-benchmark/benchmarks/postgresql-9.5.2/initdb.bc>:setup_locale_encoding:18:0:@lc_ctype
</home/anonymous/eqlog-steensgaard-analysis-benchmark/benchmarks/postgresql-9.5.2/initdb.bc>:setup_locale_encoding:19	</home/anonymous/eqlog-steensgaard-analysis-benchmark/benchmarks/postgresql-9.5.2/initdb.bc>:setup_locale_encoding:19:0:@lc_monetary
</home/anonymous/eqlog-steensgaard-analysis-benchmark/benchmarks/postgresql-9.5.2/initdb.bc>:setup_locale_encoding:23	</home/anonymous/eqlog-steensgaard-analysis-benchmark/benchmarks/postgresql-9.5.2/initdb.bc>:setup_locale_encoding:23:0:@lc_ctype
</home/anonymous/eqlog-steensgaard-analysis-benchmark/benchmarks/postgresql-9.5.2/initdb.bc>:setup_locale_encoding:24	</home/anonymous/eqlog-steensgaard-analysis-benchmark/benchmarks/postgresql-9.5.2/initdb.bc>:setup_locale_encoding:24:0:@lc_messages
</home/anonymous/eqlog-steensgaard-analysis-benchmark/benchmarks/postgresql-9.5.2/initdb.bc>:setup_locale_encoding:28	</home/anonymous/eqlog-steensgaard-analysis-benchmark/benchmarks/postgresql-9.5.2/initdb.bc>:setup_locale_encoding:28:0:@lc_ctype
</home/anonymous/eqlog-steensgaard-analysis-benchmark/benchmarks/postgresql-9.5.2/initdb.bc>:setup_locale_encoding:31	</home/anonymous/eqlog-steensgaard-analysis-benchmark/benchmarks/postgresql-9.5.2/initdb.bc>:setup_locale_encoding:31:0:@lc_collate
</home/anonymous/eqlog-steensgaard-analysis-benchmark/benchmarks/postgresql-9.5.2/initdb.bc>:setup_locale_encoding:32	</home/anonymous/eqlog-steensgaard-analysis-benchmark/benchmarks/postgresql-9.5.2/initdb.bc>:setup_locale_encoding:32:0:@lc_ctype
</home/anonymous/eqlog-steensgaard-analysis-benchmark/benchmarks/postgresql-9.5.2/initdb.bc>:setup_locale_encoding:33	</home/anonymous/eqlog-steensgaard-analysis-benchmark/benchmarks/postgresql-9.5.2/initdb.bc>:setup_locale_encoding:33:0:@lc_messages
</home/anonymous/eqlog-steensgaard-analysis-benchmark/benchmarks/postgresql-9.5.2/initdb.bc>:setup_locale_encoding:34	</home/anonymous/eqlog-steensgaard-analysis-benchmark/benchmarks/postgresql-9.5.2/initdb.bc>:setup_locale_encoding:34:0:@lc_monetary
</home/anonymous/eqlog-steensgaard-analysis-benchmark/benchmarks/postgresql-9.5.2/initdb.bc>:setup_locale_encoding:35	</home/anonymous/eqlog-steensgaard-analysis-benchmark/benchmarks/postgresql-9.5.2/initdb.bc>:setup_locale_encoding:35:0:@lc_numeric
</home/anonymous/eqlog-steensgaard-analysis-benchmark/benchmarks/postgresql-9.5.2/initdb.bc>:setup_locale_encoding:36	</home/anonymous/eqlog-steensgaard-analysis-benchmark/benchmarks/postgresql-9.5.2/initdb.bc>:setup_locale_encoding:36:0:@lc_time
</home/anonymous/eqlog-steensgaard-analysis-benchmark/benchmarks/postgresql-9.5.2/initdb.bc>:setup_locale_encoding:39	</home/anonymous/eqlog-steensgaard-analysis-benchmark/benchmarks/postgresql-9.5.2/initdb.bc>:setup_locale_encoding:39:0:@encoding
</home/anonymous/eqlog-steensgaard-analysis-benchmark/benchmarks/postgresql-9.5.2/initdb.bc>:setup_locale_encoding:43	</home/anonymous/eqlog-steensgaard-analysis-benchmark/benchmarks/postgresql-9.5.2/initdb.bc>:setup_locale_encoding:43:0:@lc_ctype
</home/anonymous/eqlog-steensgaard-analysis-benchmark/benchmarks/postgresql-9.5.2/initdb.bc>:setup_locale_encoding:46	</home/anonymous/eqlog-steensgaard-analysis-benchmark/benchmarks/postgresql-9.5.2/initdb.bc>:setup_locale_encoding:%ctype_enc
</home/anonymous/eqlog-steensgaard-analysis-benchmark/benchmarks/postgresql-9.5.2/initdb.bc>:setup_locale_encoding:49	</home/anonymous/eqlog-steensgaard-analysis-benchmark/benchmarks/postgresql-9.5.2/initdb.bc>:setup_locale_encoding:49:0:@stderr
</home/anonymous/eqlog-steensgaard-analysis-benchmark/benchmarks/postgresql-9.5.2/initdb.bc>:setup_locale_encoding:50	</home/anonymous/eqlog-steensgaard-analysis-benchmark/benchmarks/postgresql-9.5.2/initdb.bc>:setup_locale_encoding:50:0:@progname
</home/anonymous/eqlog-steensgaard-analysis-benchmark/benchmarks/postgresql-9.5.2/initdb.bc>:setup_locale_encoding:51	</home/anonymous/eqlog-steensgaard-analysis-benchmark/benchmarks/postgresql-9.5.2/initdb.bc>:setup_locale_encoding:51:0:@lc_ctype
</home/anonymous/eqlog-steensgaard-analysis-benchmark/benchmarks/postgresql-9.5.2/initdb.bc>:setup_locale_encoding:53	</home/anonymous/eqlog-steensgaard-analysis-benchmark/benchmarks/postgresql-9.5.2/initdb.bc>:setup_locale_encoding:53:0:@stderr
</home/anonymous/eqlog-steensgaard-analysis-benchmark/benchmarks/postgresql-9.5.2/initdb.bc>:setup_locale_encoding:54	</home/anonymous/eqlog-steensgaard-analysis-benchmark/benchmarks/postgresql-9.5.2/initdb.bc>:setup_locale_encoding:54:0:@progname
</home/anonymous/eqlog-steensgaard-analysis-benchmark/benchmarks/postgresql-9.5.2/initdb.bc>:setup_locale_encoding:56	</home/anonymous/eqlog-steensgaard-analysis-benchmark/benchmarks/postgresql-9.5.2/initdb.bc>:setup_locale_encoding:56:0:@stderr
</home/anonymous/eqlog-steensgaard-analysis-benchmark/benchmarks/postgresql-9.5.2/initdb.bc>:setup_locale_encoding:57	</home/anonymous/eqlog-steensgaard-analysis-benchmark/benchmarks/postgresql-9.5.2/initdb.bc>:setup_locale_encoding:57:0:@progname
</home/anonymous/eqlog-steensgaard-analysis-benchmark/benchmarks/postgresql-9.5.2/initdb.bc>:setup_locale_encoding:61	</home/anonymous/eqlog-steensgaard-analysis-benchmark/benchmarks/postgresql-9.5.2/initdb.bc>:setup_locale_encoding:%ctype_enc
</home/anonymous/eqlog-steensgaard-analysis-benchmark/benchmarks/postgresql-9.5.2/initdb.bc>:setup_locale_encoding:65	</home/anonymous/eqlog-steensgaard-analysis-benchmark/benchmarks/postgresql-9.5.2/initdb.bc>:setup_locale_encoding:65:0:@stderr
</home/anonymous/eqlog-steensgaard-analysis-benchmark/benchmarks/postgresql-9.5.2/initdb.bc>:setup_locale_encoding:66	</home/anonymous/eqlog-steensgaard-analysis-benchmark/benchmarks/postgresql-9.5.2/initdb.bc>:setup_locale_encoding:66:0:@progname
</home/anonymous/eqlog-steensgaard-analysis-benchmark/benchmarks/postgresql-9.5.2/initdb.bc>:setup_locale_encoding:67	</home/anonymous/eqlog-steensgaard-analysis-benchmark/benchmarks/postgresql-9.5.2/initdb.bc>:setup_locale_encoding:67:0:@lc_ctype
</home/anonymous/eqlog-steensgaard-analysis-benchmark/benchmarks/postgresql-9.5.2/initdb.bc>:setup_locale_encoding:68	</home/anonymous/eqlog-steensgaard-analysis-benchmark/benchmarks/postgresql-9.5.2/initdb.bc>:setup_locale_encoding:%ctype_enc
</home/anonymous/eqlog-steensgaard-analysis-benchmark/benchmarks/postgresql-9.5.2/initdb.bc>:setup_locale_encoding:71	</home/anonymous/eqlog-steensgaard-analysis-benchmark/benchmarks/postgresql-9.5.2/initdb.bc>:setup_locale_encoding:71:0:@stderr
</home/anonymous/eqlog-steensgaard-analysis-benchmark/benchmarks/postgresql-9.5.2/initdb.bc>:setup_locale_encoding:72	</home/anonymous/eqlog-steensgaard-analysis-benchmark/benchmarks/postgresql-9.5.2/initdb.bc>:setup_locale_encoding:%ctype_enc
</home/anonymous/eqlog-steensgaard-analysis-benchmark/benchmarks/postgresql-9.5.2/initdb.bc>:setup_locale_encoding:74	</home/anonymous/eqlog-steensgaard-analysis-benchmark/benchmarks/postgresql-9.5.2/initdb.bc>:setup_locale_encoding:74:0:@progname
</home/anonymous/eqlog-steensgaard-analysis-benchmark/benchmarks/postgresql-9.5.2/initdb.bc>:setup_locale_encoding:78	</home/anonymous/eqlog-steensgaard-analysis-benchmark/benchmarks/postgresql-9.5.2/initdb.bc>:setup_locale_encoding:%ctype_enc
</home/anonymous/eqlog-steensgaard-analysis-benchmark/benchmarks/postgresql-9.5.2/initdb.bc>:setup_locale_encoding:81	</home/anonymous/eqlog-steensgaard-analysis-benchmark/benchmarks/postgresql-9.5.2/initdb.bc>:setup_locale_encoding:%ctype_enc
</home/anonymous/eqlog-steensgaard-analysis-benchmark/benchmarks/postgresql-9.5.2/initdb.bc>:setup_locale_encoding:87	</home/anonymous/eqlog-steensgaard-analysis-benchmark/benchmarks/postgresql-9.5.2/initdb.bc>:setup_locale_encoding:87:0:@encoding
</home/anonymous/eqlog-steensgaard-analysis-benchmark/benchmarks/postgresql-9.5.2/initdb.bc>:setup_locale_encoding:91	</home/anonymous/eqlog-steensgaard-analysis-benchmark/benchmarks/postgresql-9.5.2/initdb.bc>:setup_locale_encoding:91:0:@encodingid
</home/anonymous/eqlog-steensgaard-analysis-benchmark/benchmarks/postgresql-9.5.2/initdb.bc>:setup_locale_encoding:94	</home/anonymous/eqlog-steensgaard-analysis-benchmark/benchmarks/postgresql-9.5.2/initdb.bc>:setup_locale_encoding:94:0:@lc_ctype
</home/anonymous/eqlog-steensgaard-analysis-benchmark/benchmarks/postgresql-9.5.2/initdb.bc>:setup_locale_encoding:95	</home/anonymous/eqlog-steensgaard-analysis-benchmark/benchmarks/postgresql-9.5.2/initdb.bc>:setup_locale_encoding:%user_enc
</home/anonymous/eqlog-steensgaard-analysis-benchmark/benchmarks/postgresql-9.5.2/initdb.bc>:setup_locale_encoding:99	</home/anonymous/eqlog-steensgaard-analysis-benchmark/benchmarks/postgresql-9.5.2/initdb.bc>:setup_locale_encoding:99:0:@lc_collate
</home/anonymous/eqlog-steensgaard-analysis-benchmark/benchmarks/postgresql-9.5.2/initdb.bc>:setup_locale_encoding:100	</home/anonymous/eqlog-steensgaard-analysis-benchmark/benchmarks/postgresql-9.5.2/initdb.bc>:setup_locale_encoding:%user_enc
</home/anonymous/eqlog-steensgaard-analysis-benchmark/benchmarks/postgresql-9.5.2/initdb.bc>:setup_data_file_paths:11	</home/anonymous/eqlog-steensgaard-analysis-benchmark/benchmarks/postgresql-9.5.2/initdb.bc>:setup_data_file_paths:11:0:@show_setting
</home/anonymous/eqlog-steensgaard-analysis-benchmark/benchmarks/postgresql-9.5.2/initdb.bc>:setup_data_file_paths:15	</home/anonymous/eqlog-steensgaard-analysis-benchmark/benchmarks/postgresql-9.5.2/initdb.bc>:setup_data_file_paths:15:0:@debug
</home/anonymous/eqlog-steensgaard-analysis-benchmark/benchmarks/postgresql-9.5.2/initdb.bc>:setup_data_file_paths:19	</home/anonymous/eqlog-steensgaard-analysis-benchmark/benchmarks/postgresql-9.5.2/initdb.bc>:setup_data_file_paths:19:0:@stderr
</home/anonymous/eqlog-steensgaard-analysis-benchmark/benchmarks/postgresql-9.5.2/initdb.bc>:setup_data_file_paths:20	</home/anonymous/eqlog-steensgaard-analysis-benchmark/benchmarks/postgresql-9.5.2/initdb.bc>:setup_data_file_paths:20:0:@pg_data
</home/anonymous/eqlog-steensgaard-analysis-benchmark/benchmarks/postgresql-9.5.2/initdb.bc>:setup_data_file_paths:21	</home/anonymous/eqlog-steensgaard-analysis-benchmark/benchmarks/postgresql-9.5.2/initdb.bc>:setup_data_file_paths:21:0:@share_path
</home/anonymous/eqlog-steensgaard-analysis-benchmark/benchmarks/postgresql-9.5.2/initdb.bc>:setup_data_file_paths:22	</home/anonymous/eqlog-steensgaard-analysis-benchmark/benchmarks/postgresql-9.5.2/initdb.bc>:setup_data_file_paths:22:0:@username
</home/anonymous/eqlog-steensgaard-analysis-benchmark/benchmarks/postgresql-9.5.2/initdb.bc>:setup_data_file_paths:23	</home/anonymous/eqlog-steensgaard-analysis-benchmark/benchmarks/postgresql-9.5.2/initdb.bc>:setup_data_file_paths:23:0:@bki_file
</home/anonymous/eqlog-steensgaard-analysis-benchmark/benchmarks/postgresql-9.5.2/initdb.bc>:setup_data_file_paths:24	</home/anonymous/eqlog-steensgaard-analysis-benchmark/benchmarks/postgresql-9.5.2/initdb.bc>:setup_data_file_paths:24:0:@desc_file
</home/anonymous/eqlog-steensgaard-analysis-benchmark/benchmarks/postgresql-9.5.2/initdb.bc>:setup_data_file_paths:25	</home/anonymous/eqlog-steensgaard-analysis-benchmark/benchmarks/postgresql-9.5.2/initdb.bc>:setup_data_file_paths:25:0:@shdesc_file
</home/anonymous/eqlog-steensgaard-analysis-benchmark/benchmarks/postgresql-9.5.2/initdb.bc>:setup_data_file_paths:26	</home/anonymous/eqlog-steensgaard-analysis-benchmark/benchmarks/postgresql-9.5.2/initdb.bc>:setup_data_file_paths:26:0:@conf_file
</home/anonymous/eqlog-steensgaard-analysis-benchmark/benchmarks/postgresql-9.5.2/initdb.bc>:setup_data_file_paths:27	</home/anonymous/eqlog-steensgaard-analysis-benchmark/benchmarks/postgresql-9.5.2/initdb.bc>:setup_data_file_paths:27:0:@hba_file
</home/anonymous/eqlog-steensgaard-analysis-benchmark/benchmarks/postgresql-9.5.2/initdb.bc>:setup_data_file_paths:28	</home/anonymous/eqlog-steensgaard-analysis-benchmark/benchmarks/postgresql-9.5.2/initdb.bc>:setup_data_file_paths:28:0:@ident_file
</home/anonymous/eqlog-steensgaard-analysis-benchmark/benchmarks/postgresql-9.5.2/initdb.bc>:setup_data_file_paths:30	</home/anonymous/eqlog-steensgaard-analysis-benchmark/benchmarks/postgresql-9.5.2/initdb.bc>:setup_data_file_paths:30:0:@show_setting
</home/anonymous/eqlog-steensgaard-analysis-benchmark/benchmarks/postgresql-9.5.2/initdb.bc>:setup_data_file_paths:36	</home/anonymous/eqlog-steensgaard-analysis-benchmark/benchmarks/postgresql-9.5.2/initdb.bc>:setup_data_file_paths:36:0:@bki_file
</home/anonymous/eqlog-steensgaard-analysis-benchmark/benchmarks/postgresql-9.5.2/initdb.bc>:setup_data_file_paths:38	</home/anonymous/eqlog-steensgaard-analysis-benchmark/benchmarks/postgresql-9.5.2/initdb.bc>:setup_data_file_paths:38:0:@desc_file
</home/anonymous/eqlog-steensgaard-analysis-benchmark/benchmarks/postgresql-9.5.2/initdb.bc>:setup_data_file_paths:40	</home/anonymous/eqlog-steensgaard-analysis-benchmark/benchmarks/postgresql-9.5.2/initdb.bc>:setup_data_file_paths:40:0:@shdesc_file
</home/anonymous/eqlog-steensgaard-analysis-benchmark/benchmarks/postgresql-9.5.2/initdb.bc>:setup_data_file_paths:42	</home/anonymous/eqlog-steensgaard-analysis-benchmark/benchmarks/postgresql-9.5.2/initdb.bc>:setup_data_file_paths:42:0:@hba_file
</home/anonymous/eqlog-steensgaard-analysis-benchmark/benchmarks/postgresql-9.5.2/initdb.bc>:setup_data_file_paths:44	</home/anonymous/eqlog-steensgaard-analysis-benchmark/benchmarks/postgresql-9.5.2/initdb.bc>:setup_data_file_paths:44:0:@ident_file
</home/anonymous/eqlog-steensgaard-analysis-benchmark/benchmarks/postgresql-9.5.2/initdb.bc>:setup_data_file_paths:46	</home/anonymous/eqlog-steensgaard-analysis-benchmark/benchmarks/postgresql-9.5.2/initdb.bc>:setup_data_file_paths:46:0:@conf_file
</home/anonymous/eqlog-steensgaard-analysis-benchmark/benchmarks/postgresql-9.5.2/initdb.bc>:setup_data_file_paths:48	</home/anonymous/eqlog-steensgaard-analysis-benchmark/benchmarks/postgresql-9.5.2/initdb.bc>:setup_data_file_paths:48:0:@conversion_file
</home/anonymous/eqlog-steensgaard-analysis-benchmark/benchmarks/postgresql-9.5.2/initdb.bc>:setup_data_file_paths:50	</home/anonymous/eqlog-steensgaard-analysis-benchmark/benchmarks/postgresql-9.5.2/initdb.bc>:setup_data_file_paths:50:0:@dictionary_file
</home/anonymous/eqlog-steensgaard-analysis-benchmark/benchmarks/postgresql-9.5.2/initdb.bc>:setup_data_file_paths:52	</home/anonymous/eqlog-steensgaard-analysis-benchmark/benchmarks/postgresql-9.5.2/initdb.bc>:setup_data_file_paths:52:0:@info_schema_file
</home/anonymous/eqlog-steensgaard-analysis-benchmark/benchmarks/postgresql-9.5.2/initdb.bc>:setup_data_file_paths:54	</home/anonymous/eqlog-steensgaard-analysis-benchmark/benchmarks/postgresql-9.5.2/initdb.bc>:setup_data_file_paths:54:0:@features_file
</home/anonymous/eqlog-steensgaard-analysis-benchmark/benchmarks/postgresql-9.5.2/initdb.bc>:setup_data_file_paths:56	</home/anonymous/eqlog-steensgaard-analysis-benchmark/benchmarks/postgresql-9.5.2/initdb.bc>:setup_data_file_paths:56:0:@system_views_file
</home/anonymous/eqlog-steensgaard-analysis-benchmark/benchmarks/postgresql-9.5.2/initdb.bc>:setup_text_search:1	</home/anonymous/eqlog-steensgaard-analysis-benchmark/benchmarks/postgresql-9.5.2/initdb.bc>:setup_text_search:1:0:@default_text_search_config
</home/anonymous/eqlog-steensgaard-analysis-benchmark/benchmarks/postgresql-9.5.2/initdb.bc>:setup_text_search:5	</home/anonymous/eqlog-steensgaard-analysis-benchmark/benchmarks/postgresql-9.5.2/initdb.bc>:setup_text_search:5:0:@lc_ctype
</home/anonymous/eqlog-steensgaard-analysis-benchmark/benchmarks/postgresql-9.5.2/initdb.bc>:setup_text_search:8	</home/anonymous/eqlog-steensgaard-analysis-benchmark/benchmarks/postgresql-9.5.2/initdb.bc>:setup_text_search:8:0:@default_text_search_config
</home/anonymous/eqlog-steensgaard-analysis-benchmark/benchmarks/postgresql-9.5.2/initdb.bc>:setup_text_search:11	</home/anonymous/eqlog-steensgaard-analysis-benchmark/benchmarks/postgresql-9.5.2/initdb.bc>:setup_text_search:11:0:@progname
</home/anonymous/eqlog-steensgaard-analysis-benchmark/benchmarks/postgresql-9.5.2/initdb.bc>:setup_text_search:12	</home/anonymous/eqlog-steensgaard-analysis-benchmark/benchmarks/postgresql-9.5.2/initdb.bc>:setup_text_search:12:0:@lc_ctype
</home/anonymous/eqlog-steensgaard-analysis-benchmark/benchmarks/postgresql-9.5.2/initdb.bc>:setup_text_search:17	</home/anonymous/eqlog-steensgaard-analysis-benchmark/benchmarks/postgresql-9.5.2/initdb.bc>:setup_text_search:17:0:@lc_ctype
</home/anonymous/eqlog-steensgaard-analysis-benchmark/benchmarks/postgresql-9.5.2/initdb.bc>:setup_text_search:20	</home/anonymous/eqlog-steensgaard-analysis-benchmark/benchmarks/postgresql-9.5.2/initdb.bc>:setup_text_search:%checkmatch
</home/anonymous/eqlog-steensgaard-analysis-benchmark/benchmarks/postgresql-9.5.2/initdb.bc>:setup_text_search:23	</home/anonymous/eqlog-steensgaard-analysis-benchmark/benchmarks/postgresql-9.5.2/initdb.bc>:setup_text_search:23:0:@progname
